,Age,Height,Job,Latitude,Longtitude,Name,Sex,Sports,Unnamed: 0,index
0,20-24,175.0,other,1244437.9999999988,794668.9999999991,Elizabeth Howe,Male,tennis,0.0,0
1,>30,170.0,other,963556.0000000005,998193.999999998,Micheal Cunningham,Male,tennis,1.0,1
2,>30,168.0,seller,1237323.0,945029.0000000051,Tiffany Wagner,Male,basketball,2.0,2
3,20-24,171.0,student,965609.0000000006,791442.0000000035,Stephanie Zavala,Male,volleyball,3.0,3
4,25-30,166.0,other,1375962.9999999986,836780.0000000045,Suzanne White,Male,tennis,4.0,4
5,25-30,167.0,other,1293793.000000001,983228.9999999944,Erica Johnson,Male,volleyball,5.0,5
6,>30,165.0,seller,948682.0000000015,764627.0000000044,Carol Dennis,Female,tennis,6.0,6
7,>30,165.0,other,983314.0,967264.9999999977,Peter Miles,Female,tennis,7.0,7
8,20-24,167.0,seller,1358643.0000000007,757615.0000000013,Crystal Gutierrez,Female,tennis,8.0,8
9,>30,165.0,student,1089811.9999999984,848080.9999999935,Marissa Taylor,Male,tennis,9.0,9
10,>30,170.0,seller,1203967.9999999998,777336.0000000055,Kelly Oliver,Male,football,10.0,10
11,25-30,172.0,other,1258034.9999999995,833681.9999999959,Jennifer Robinson,Male,volleyball,11.0,11
12,20-24,172.0,other,980947.0000000005,964802.0000000059,Bonnie Haney,Male,football,12.0,12
13,>30,166.0,other,1206333.0000000007,997710.9999999951,Elizabeth Hahn,Female,swimming,13.0,13
14,25-30,162.0,other,1376366.9999999984,923131.9999999951,Dr. Miguel Johnson MD,Female,tennis,14.0,14
15,>30,165.0,doctor,1372624.9999999993,931785.000000005,Trevor Roman,Female,tennis,15.0,15
16,>30,170.0,other,1180485.9999999984,969018.0000000056,Joshua Walker,Male,tennis,16.0,16
17,25-30,164.0,other,1322721.0000000014,983881.9999999942,Michael Glass,Female,football,17.0,17
18,>30,171.0,doctor,1320526.9999999984,948991.0000000065,Anthony Burton,Male,tennis,18.0,18
19,>30,172.0,engineer,1283259.9999999986,778840.9999999999,Amber Hernandez,Male,tennis,19.0,19
20,25-30,167.0,other,1120367.999999999,1026189.0000000022,Amanda Ross,Female,table_tenis,20.0,20
21,20-24,167.0,student,994564.0000000005,810973.0000000042,Tonya Lamb,Female,tennis,21.0,21
22,>30,169.0,accounting,1055761.0000000005,789747.0000000055,Donna Baker,Male,tennis,22.0,22
23,>30,171.0,teacher,1382214.0000000012,740459.9999999987,Amanda Kramer,Male,tennis,23.0,23
24,>30,173.0,other,1071048.9999999986,979602.9999999972,Mark Rivera,Male,volleyball,24.0,24
25,25-30,170.0,doctor,957385.9999999995,740385.0000000035,Dawn Turner,Male,tennis,25.0,25
26,20-24,172.0,other,1375395.9999999986,909926.9999999963,Derek Reeves,Male,table_tenis,26.0,26
27,20-24,167.0,other,1337526.0000000005,771309.0000000022,Mr. Joseph Roberts,Male,tennis,27.0,27
28,>30,174.0,seller,1347448.0,784439.0000000059,Gerald Vega,Male,tennis,28.0,28
29,>30,168.0,other,1342829.9999999993,972105.9999999965,Henry Shaffer,Male,football,29.0,29
30,25-30,164.0,other,1276641.0000000014,989917.0000000056,Samuel Ramos,Female,football,30.0,30
31,25-30,172.0,engineer,1276816.0000000002,982527.0000000044,Chelsea Davis,Male,badminton,31.0,31
32,>30,167.0,other,1322257.0000000005,894090.0000000056,Sara Love,Female,football,32.0,32
33,20-24,160.0,other,1340605.0,955914.000000007,Elizabeth Ferguson,Female,swimming,33.0,33
34,25-30,169.0,other,1119848.0000000012,792798.0000000049,Margaret Thompson,Male,tennis,34.0,34
35,25-30,169.0,other,1032173.0000000001,739842.9999999935,Adrienne Hill,Male,football,35.0,35
36,>30,169.0,engineer,1029620.9999999987,858693.0000000023,Stacey Jones,Male,table_tenis,36.0,36
37,25-30,169.0,other,1035551.9999999992,929811.9999999985,Nicholas Carson,Male,tennis,37.0,37
38,25-30,163.0,other,1021332.0000000009,801222.9999999931,Miranda Mathis,Female,football,38.0,38
39,>30,174.0,other,976037.0000000015,769323.9999999973,Justin Graves,Male,football,39.0,39
40,>30,176.0,other,956241.9999999995,928503.0000000064,Elizabeth Simpson,Male,volleyball,40.0,40
41,>30,172.0,seller,1008144.0000000015,903208.0000000064,Jason Taylor,Male,football,41.0,41
42,>30,175.0,other,979658.0000000006,931033.9999999969,Susan Davis,Male,football,42.0,42
43,>30,171.0,other,1357003.9999999998,792860.0000000045,Karen Myers,Male,badminton,43.0,43
44,25-30,166.0,other,1214006.9999999988,1017702.9999999972,Ernest Hutchinson,Female,basketball,44.0,44
45,25-30,169.0,teacher,1119979.0000000007,828650.9999999936,Julie Harris,Male,football,45.0,45
46,25-30,173.0,seller,1161432.9999999988,1021917.9999999994,Valerie Gibbs,Male,football,46.0,46
47,25-30,170.0,other,1115394.9999999995,804390.9999999955,Stephanie Gardner,Male,football,47.0,47
48,>30,167.0,other,1081019.9999999988,961663.9999999991,Anne Wise,Female,football,48.0,48
49,25-30,166.0,engineer,935109.0000000006,900267.999999997,Kristen Pennington,Female,tennis,49.0,49
50,>30,166.0,other,1373124.0000000007,941804.0000000049,Thomas Peters,Female,football,50.0,50
51,>30,165.0,seller,1053280.000000001,971592.0000000013,Christine Brennan,Female,badminton,51.0,51
52,>30,169.0,engineer,1165126.0000000007,990066.9999999964,Danielle Henderson,Male,tennis,52.0,52
53,>30,169.0,other,1221933.0,843042.9999999944,Andrew Bray,Male,tennis,53.0,53
54,>30,169.0,other,1013476.0000000008,832553.0000000044,Lawrence Crawford,Male,tennis,54.0,54
55,>30,170.0,doctor,1174216.0000000012,1005180.9999999931,Bruce Lee,Male,tennis,55.0,55
56,25-30,171.0,student,913990.9999999992,858808.9999999937,Christopher Tran,Male,football,56.0,56
57,20-24,172.0,other,1021663.0000000001,994017.999999997,Andrew Morgan,Male,football,57.0,57
58,20-24,170.0,student,1160225.0000000005,896544.0000000058,Kyle Ochoa,Male,tennis,58.0,58
59,>30,171.0,seller,1094424.0,836804.0000000008,James Allen,Male,tennis,59.0,59
60,>30,167.0,other,974820.0000000013,846145.000000007,Benjamin Nelson,Male,table_tenis,60.0,60
61,>30,175.0,other,1322388.0000000002,803490.9999999941,Sarah Sosa,Male,tennis,61.0,61
62,>30,170.0,other,1084341.9999999995,764770.9999999959,Matthew Barrett,Male,football,62.0,62
63,25-30,167.0,teacher,1311370.0000000002,786561.0000000059,Adam Forbes,Female,badminton,63.0,63
64,25-30,172.0,other,1262762.9999999995,791844.999999995,Lisa Brooks,Male,football,64.0,64
65,25-30,168.0,engineer,1290742.0000000016,1004777.0000000044,Jessica Pham,Male,football,65.0,65
66,20-24,165.0,teacher,888663.0000000009,872091.999999995,Alex Chan,Male,football,66.0,66
67,>30,166.0,student,892821.0000000014,801398.0000000059,Brenda Kane,Female,tennis,67.0,67
68,>30,169.0,doctor,986695.9999999985,874407.000000005,Frank Lee,Female,tennis,68.0,68
69,25-30,176.0,other,1363766.9999999993,861012.0000000023,Stephen Terry,Male,tennis,69.0,69
70,25-30,162.0,engineer,1312968.9999999988,791449.0000000001,Deborah Moore,Female,football,70.0,70
71,>30,167.0,other,1285630.9999999986,781255.0000000015,Holly Robinson,Female,badminton,71.0,71
72,>30,173.0,other,1016925.0000000005,755595.999999997,Bethany Lane,Male,tennis,72.0,72
73,>30,161.0,other,1373152.9999999986,927440.0000000044,Isaac Woodard,Female,football,73.0,73
74,25-30,172.0,teacher,912343.0,994309.9999999987,Kara Hernandez,Male,tennis,74.0,74
75,25-30,167.0,other,1189036.999999999,803901.9999999937,Regina Holden,Female,football,75.0,75
76,25-30,172.0,seller,913163.0000000008,770869.0000000047,Jeremy Hobbs,Male,badminton,76.0,76
77,25-30,165.0,other,945578.9999999986,734650.000000002,Sara Taylor,Female,tennis,77.0,77
78,>30,167.0,other,1204466.0,1002606.9999999977,Timothy Gonzalez,Female,football,78.0,78
79,20-24,171.0,other,1025766.0000000008,988688.9999999936,Cynthia West,Male,tennis,79.0,79
80,25-30,167.0,accounting,1125544.0000000014,895501.9999999935,Daniel Patel,Female,football,80.0,80
81,>30,169.0,seller,1108913.9999999986,827817.9999999935,Joseph Newman,Male,tennis,81.0,81
82,>30,169.0,accounting,1045946.0000000008,914422.9999999992,Andrew Bates,Male,tennis,82.0,82
83,>30,164.0,engineer,1250444.0000000016,833447.0000000069,Claudia Coleman,Female,tennis,83.0,83
84,>30,173.0,engineer,1165735.0000000016,778240.9999999942,Benjamin Brown,Male,badminton,84.0,84
85,25-30,168.0,seller,928885.9999999986,885649.0000000008,Christina Johnson,Male,volleyball,85.0,85
86,>30,166.0,seller,912852.9999999985,901712.0000000035,Pamela Chambers,Female,tennis,86.0,86
87,25-30,161.0,other,1379708.000000001,839357.0000000069,Michelle Miller,Female,football,87.0,87
88,>30,171.0,other,1171700.9999999988,890066.0000000044,Caitlin Castro,Male,football,88.0,88
89,>30,164.0,seller,1130662.000000001,813928.0000000042,Lisa Warren,Female,tennis,89.0,89
90,20-24,174.0,other,1197136.0000000005,777657.0000000049,James Morales,Male,football,90.0,90
91,25-30,174.0,engineer,1184241.0,1024044.0000000036,James Jones,Male,football,91.0,91
92,25-30,167.0,doctor,1267658.000000001,906508.9999999999,Gail Carter,Female,football,92.0,92
93,25-30,169.0,other,975137.0,1000491.9999999942,Linda Miller,Male,badminton,93.0,93
94,25-30,167.0,other,1050118.9999999986,938354.0000000041,Melissa Murray,Male,tennis,94.0,94
95,25-30,178.0,other,1073969.0000000016,945531.0000000027,Scott Harmon,Male,tennis,95.0,95
96,>30,175.0,other,1342718.0000000014,954549.9999999977,Daniel Carroll,Male,tennis,96.0,96
97,>30,170.0,other,1053516.9999999993,889088.0000000009,Megan Adams,Male,football,97.0,97
98,>30,166.0,accounting,988220.9999999992,878913.9999999945,Joseph Kirk,Female,badminton,98.0,98
99,>30,172.0,other,1188949.000000001,882686.0000000069,Andrea Waters,Male,football,99.0,99
100,>30,171.0,teacher,983059.9999999985,850183.0000000013,Robin Morrison,Male,football,100.0,100
101,>30,168.0,other,1053450.0000000016,1032490.9999999931,David Stanley,Male,football,101.0,101
102,>30,169.0,teacher,1182546.9999999995,828951.0000000035,Joanna Sparks,Male,football,102.0,102
103,>30,170.0,other,1238495.0000000002,995914.9999999964,Alexander Green,Male,badminton,103.0,103
104,>30,163.0,other,1126682.9999999998,1025290.9999999956,Matthew Mcdaniel,Female,badminton,104.0,104
105,>30,165.0,teacher,1185414.0000000016,968232.999999998,James Oconnor,Female,badminton,105.0,105
106,>30,164.0,accounting,1166001.0000000014,974825.9999999931,Christina Gomez,Female,badminton,106.0,106
107,20-24,172.0,doctor,935870.0000000013,841181.0000000059,Christina Hicks,Male,tennis,107.0,107
108,25-30,164.0,other,953109.9999999987,863674.0000000031,Crystal Hall,Female,badminton,108.0,108
109,25-30,166.0,other,1106404.0000000012,799452.9999999999,Kelsey Jones,Male,football,109.0,109
110,>30,168.0,teacher,976171.0000000008,901064.0000000051,Alexandra Cunningham,Male,football,110.0,110
111,25-30,171.0,teacher,1024681.9999999985,896201.0000000049,Wesley Cortez,Male,badminton,111.0,111
112,20-24,174.0,seller,1141584.999999999,973149.0000000064,Daniel Kelly,Male,football,112.0,112
113,20-24,166.0,other,992169.0000000005,860415.0000000033,Crystal Price,Female,tennis,113.0,113
114,>30,170.0,engineer,1174814.0000000014,970455.0000000013,David Stewart,Male,tennis,114.0,114
115,>30,172.0,seller,1341197.9999999986,862267.0000000028,Anne Ashley,Male,football,115.0,115
116,<20,168.0,seller,1311793.999999999,1008746.000000002,Megan Acosta,Male,football,116.0,116
117,>30,167.0,other,1082218.9999999986,787253.0000000069,Christopher Smith,Male,tennis,117.0,117
118,20-24,165.0,seller,1101237.0000000012,947740.9999999936,Kelly Webb,Female,tennis,118.0,118
119,25-30,166.0,student,1143004.0000000012,816366.000000002,Joseph Ramirez,Female,tennis,119.0,119
120,20-24,171.0,other,1292539.9999999988,823544.9999999958,Jared Mclean,Male,basketball,120.0,120
121,>30,175.0,other,1065898.0000000007,939222.9999999985,Corey Aguilar,Male,tennis,121.0,121
122,20-24,166.0,other,1262636.0000000005,1011116.0000000013,Jasmine Calderon,Male,tennis,122.0,122
123,20-24,170.0,doctor,1125959.999999999,939958.0000000044,Nathan Gonzalez,Male,badminton,123.0,123
124,25-30,162.0,doctor,1229320.0000000014,956563.0000000028,Margaret Martinez,Female,football,124.0,124
125,25-30,168.0,engineer,1220548.9999999984,960435.0000000041,Miguel Herman,Male,tennis,125.0,125
126,>30,173.0,engineer,1253084.9999999986,813484.0000000027,Julia Leonard,Male,football,126.0,126
127,25-30,168.0,other,1198899.9999999984,975751.0000000023,Brian Carter,Male,tennis,127.0,127
128,25-30,171.0,other,1251013.0000000005,1007200.9999999949,Geoffrey Ross,Male,tennis,128.0,128
129,25-30,166.0,other,1212512.0000000002,919977.0000000028,Christopher Mills,Male,football,129.0,129
130,>30,169.0,seller,1085978.0000000007,790075.0000000015,Amanda Bridges,Male,volleyball,130.0,130
131,>30,168.0,seller,901278.0000000014,772647.0000000063,Dana Levine,Female,tennis,131.0,131
132,>30,168.0,other,1337751.0000000007,1013773.999999998,Carl Dennis,Female,tennis,132.0,132
133,>30,168.0,teacher,1368531.9999999984,902947.999999995,Andrew Smith,Female,tennis,133.0,133
134,20-24,168.0,student,1081050.9999999986,865748.9999999937,Patrick Smith,Male,tennis,134.0,134
135,>30,167.0,other,1088160.9999999995,932378.0,Daniel Roberts,Female,football,135.0,135
136,20-24,175.0,seller,953742.9999999992,805786.9999999951,Crystal Austin,Male,volleyball,136.0,136
137,>30,173.0,other,1330317.000000001,1017855.9999999949,Carlos Brown,Male,basketball,137.0,137
138,>30,167.0,engineer,1071733.9999999993,780672.999999993,Julie Thomas,Male,badminton,138.0,138
139,20-24,173.0,developer,1128923.0000000002,778944.9999999931,Joseph Bryant,Male,football,139.0,139
140,>30,162.0,other,1052434.999999999,962525.9999999969,Derrick Wells,Female,football,140.0,140
141,>30,173.0,other,1141006.000000001,828018.0000000001,Susan Park,Male,tennis,141.0,141
142,>30,173.0,other,1205261.0000000002,802357.9999999981,Daniel Richards,Male,tennis,142.0,142
143,25-30,174.0,seller,1265474.9999999986,954977.999999997,Joseph Warren,Male,football,143.0,143
144,>30,163.0,seller,976768.0,877261.0000000044,Nicole Brown,Female,football,144.0,144
145,20-24,167.0,other,1033736.9999999986,1031490.0000000051,Gregory Park,Male,tennis,145.0,145
146,25-30,170.0,seller,1083366.0000000016,849438.0000000064,Joshua Martinez,Male,football,146.0,146
147,>30,166.0,other,1006868.9999999985,965001.9999999985,Michael Kirk,Male,table_tenis,147.0,147
148,>30,164.0,student,1053460.0000000012,893828.9999999965,Daryl Espinoza,Female,badminton,148.0,148
149,>30,167.0,other,1291281.9999999988,759958.999999995,Jacqueline Carlson,Female,tennis,149.0,149
150,>30,163.0,teacher,917442.9999999987,846598.0000000001,Scott Hernandez,Female,badminton,150.0,150
151,>30,168.0,other,1379356.9999999988,826037.999999997,Norma Parker,Male,swimming,151.0,151
152,>30,168.0,other,1152256.9999999988,852001.9999999987,Robert Navarro,Male,tennis,152.0,152
153,20-24,175.0,seller,1259834.0000000014,804265.0000000009,Melissa Johnson,Male,football,153.0,153
154,25-30,173.0,other,1198633.000000001,977753.000000007,Danny Moody,Male,tennis,154.0,154
155,25-30,161.0,other,1286025.9999999998,771038.0000000044,Joe Brown,Female,football,155.0,155
156,>30,162.0,accounting,1355412.9999999986,950074.0000000008,Jennifer Campbell,Female,football,156.0,156
157,25-30,168.0,other,1182880.9999999984,903824.0000000001,Justin Johnson,Female,badminton,157.0,157
158,>30,169.0,teacher,1198903.9999999988,1014533.0,Molly Newton,Female,tennis,158.0,158
159,20-24,163.0,seller,1006214.0,828162.0000000059,Brandon Gonzalez,Female,badminton,159.0,159
160,>30,162.0,seller,1190182.0,908383.999999998,Pamela Short,Female,tennis,160.0,160
161,>30,166.0,doctor,1160820.0000000012,982894.9999999992,Holly Dillon,Female,tennis,161.0,161
162,25-30,166.0,other,1139844.0,966911.9999999936,Lisa Douglas,Male,football,162.0,162
163,>30,166.0,doctor,1019838.0,980045.0000000041,Amanda Mcbride,Female,football,163.0,163
164,20-24,172.0,student,979143.0000000006,975960.999999998,Linda Lucas,Male,football,164.0,164
165,>30,174.0,other,1107473.9999999998,880048.0000000022,Michael Lindsey,Male,football,165.0,165
166,>30,172.0,seller,1288275.9999999998,965466.0000000064,Geoffrey Williams,Male,football,166.0,166
167,25-30,163.0,other,981639.0000000013,774900.0000000023,Mary Gregory,Female,tennis,167.0,167
168,25-30,168.0,engineer,1106200.0000000012,986104.9999999949,Kristie Thompson,Female,badminton,168.0,168
169,>30,166.0,seller,934653.0000000008,894164.0000000035,Brianna Mora,Female,swimming,169.0,169
170,20-24,166.0,student,1366288.000000001,1011860.9999999963,Mr. Paul Lewis,Female,football,170.0,170
171,>30,170.0,other,1267469.9999999995,812467.9999999956,Julie Bryan,Male,tennis,171.0,171
172,>30,173.0,accounting,1355174.0000000016,859268.9999999977,William Hansen,Male,badminton,172.0,172
173,>30,163.0,other,1329440.0000000016,783795.9999999951,Brandon Jones,Female,tennis,173.0,173
174,20-24,169.0,other,1019732.0000000013,914783.9999999972,Kathleen Frazier,Male,tennis,174.0,174
175,>30,166.0,doctor,948902.0000000005,870000.0000000045,Wendy Sims,Male,football,175.0,175
176,25-30,168.0,other,1259581.0000000007,836813.0000000065,Laurie Mercer,Male,tennis,176.0,176
177,25-30,172.0,other,991039.0000000008,918368.0000000008,Brandi Schmidt,Male,tennis,177.0,177
178,>30,168.0,seller,1166700.9999999998,792078.0000000036,Terry Obrien,Female,basketball,178.0,178
179,25-30,171.0,other,933000.0,944096.9999999992,Nathaniel Ford,Male,table_tenis,179.0,179
180,>30,169.0,other,1055347.9999999986,788544.9999999992,Hannah Rogers,Male,swimming,180.0,180
181,20-24,166.0,other,944334.9999999987,751918.0000000035,Karina Nelson,Female,tennis,181.0,181
182,25-30,168.0,other,1220774.9999999998,821815.9999999985,Kelsey Le,Female,tennis,182.0,182
183,>30,170.0,other,1173629.9999999993,1026456.9999999936,John Macdonald,Male,football,183.0,183
184,25-30,174.0,teacher,961120.9999999986,866884.9999999964,Alexander Jordan Jr.,Male,football,184.0,184
185,>30,163.0,teacher,1204770.0,801422.9999999999,Michael Rodgers,Female,football,185.0,185
186,>30,166.0,other,1255590.0000000016,828543.9999999937,Shannon Reed,Female,football,186.0,186
187,>30,160.0,teacher,1231770.000000001,862665.0000000069,Amy Jackson,Female,football,187.0,187
188,25-30,167.0,other,886603.9999999985,739082.9999999937,Jill Watkins,Female,tennis,188.0,188
189,>30,179.0,other,1147247.0000000002,783246.0000000055,Paul Nichols,Male,tennis,189.0,189
190,25-30,161.0,engineer,1212876.9999999988,1012390.9999999937,Sharon Robinson,Female,badminton,190.0,190
191,>30,169.0,other,954246.9999999987,965933.0000000069,Debra Elliott,Male,badminton,191.0,191
192,25-30,169.0,other,1331951.0,794827.9999999955,Rebecca Berger,Female,tennis,192.0,192
193,>30,167.0,other,932458.0000000005,899019.999999993,Kaitlin Anderson,Male,tennis,193.0,193
194,>30,171.0,teacher,920255.0000000008,842200.0000000055,Rebecca Davidson,Male,tennis,194.0,194
195,>30,163.0,teacher,1161826.0000000014,814531.9999999999,Kelsey Neal,Female,table_tenis,195.0,195
196,25-30,167.0,other,963977.0,840108.9999999983,Michelle Michael,Male,tennis,196.0,196
197,>30,163.0,other,1320602.9999999984,878226.9999999955,Belinda Oneill,Female,football,197.0,197
198,25-30,164.0,doctor,1205006.000000001,810641.0000000041,Jack Orr,Female,badminton,198.0,198
199,<20,162.0,seller,1136435.9999999998,1000122.0000000049,Mrs. Kathryn Randall,Female,tennis,199.0,199
200,25-30,165.0,doctor,1000508.0,932332.0000000023,Brandon Evans,Female,football,200.0,200
201,25-30,167.0,other,1030678.0000000015,988187.9999999937,James Calderon,Male,badminton,201.0,201
202,25-30,166.0,teacher,1187792.9999999993,929249.9999999963,Max Turner,Female,tennis,202.0,202
203,>30,163.0,student,958480.0000000015,779117.9999999969,Devin Watson,Female,tennis,203.0,203
204,25-30,163.0,seller,1343025.9999999984,877261.0000000044,Sharon Taylor,Female,table_tenis,204.0,204
205,>30,169.0,other,1176135.9999999995,830550.9999999999,Zachary Gross,Female,tennis,205.0,205
206,>30,171.0,seller,903182.9999999985,1018084.9999999992,Christopher Jones,Male,basketball,206.0,206
207,20-24,169.0,other,1153060.0,808902.0000000035,Melissa Anderson,Female,badminton,207.0,207
208,>30,167.0,student,1074732.9999999984,790501.0000000063,Amanda Johnson,Female,volleyball,208.0,208
209,>30,166.0,other,1347042.9999999993,1024799.0000000015,Jane Scott,Female,tennis,209.0,209
210,>30,162.0,doctor,1141629.9999999993,817490.0000000065,Nathaniel Holloway,Female,tennis,210.0,210
211,>30,172.0,engineer,1325095.000000001,737016.9999999945,Michelle Crane,Male,tennis,211.0,211
212,>30,169.0,other,1094533.9999999995,742805.0000000042,Mario Sullivan,Male,football,212.0,212
213,>30,169.0,other,1359203.000000001,958816.9999999964,Carlos Zimmerman,Male,football,213.0,213
214,20-24,159.0,other,1199463.0000000014,962759.0000000056,Justin Moore,Female,tennis,214.0,214
215,>30,174.0,engineer,929137.9999999985,819199.999999995,Virginia Mullins,Male,volleyball,215.0,215
216,>30,170.0,other,1123255.0000000002,765445.9999999972,Tracey Rodriguez,Male,tennis,216.0,216
217,>30,165.0,other,1058620.0000000012,889317.0000000055,Taylor Rivera,Female,tennis,217.0,217
218,25-30,170.0,other,904799.0000000006,866962.0000000009,Jasmine Carter,Male,table_tenis,218.0,218
219,25-30,166.0,other,1225732.0000000007,1001392.9999999931,Jason Jackson,Female,tennis,219.0,219
220,20-24,170.0,seller,887350.9999999987,858890.9999999999,Ms. Regina Cole MD,Male,football,220.0,220
221,>30,164.0,doctor,980295.0000000015,823352.9999999973,James Santana,Female,tennis,221.0,221
222,>30,169.0,other,981629.0000000015,862039.9999999931,Scott Mckay,Male,tennis,222.0,222
223,>30,163.0,doctor,964541.0000000006,1010347.9999999935,Cynthia Hurley,Female,tennis,223.0,223
224,20-24,162.0,other,1346769.9999999993,1020269.9999999964,Holly Mcclain,Female,tennis,224.0,224
225,>30,168.0,other,912306.0000000008,767966.9999999987,Karen Allen,Female,swimming,225.0,225
226,25-30,171.0,seller,1122606.9999999986,865060.9999999972,Marie Mitchell,Male,football,226.0,226
227,>30,171.0,teacher,1011208.0,995450.0000000051,Audrey Day,Female,tennis,227.0,227
228,>30,169.0,other,1181712.9999999984,793266.0000000027,Alyssa Smith,Male,tennis,228.0,228
229,>30,170.0,teacher,896550.0000000013,1013109.9999999977,Jennifer Adams,Female,football,229.0,229
230,25-30,172.0,seller,1111345.0,816291.0000000069,Laura Bell,Male,badminton,230.0,230
231,>30,166.0,other,1253945.999999999,982337.9999999986,Victoria Kennedy,Female,badminton,231.0,231
232,>30,165.0,engineer,934042.0000000015,751003.9999999945,John Wallace,Female,football,232.0,232
233,>30,165.0,other,1347533.9999999995,920282.0000000001,Kimberly Massey,Female,tennis,233.0,233
234,>30,168.0,other,954810.9999999994,928192.9999999931,Michael Johnson,Male,tennis,234.0,234
235,>30,168.0,other,1168811.999999999,834970.9999999959,Robin Hall,Male,football,235.0,235
236,>30,162.0,teacher,1205529.9999999995,780570.9999999949,Tamara Bray,Female,tennis,236.0,236
237,25-30,172.0,seller,1098283.9999999995,849455.0000000059,Robert Salinas,Male,football,237.0,237
238,20-24,163.0,other,1303953.0,792015.0000000064,Stacy Peterson,Female,tennis,238.0,238
239,<20,173.0,student,1168057.9999999984,797712.0000000042,Calvin Maddox,Male,swimming,239.0,239
240,>30,167.0,other,1029364.0000000009,784754.0000000065,Mr. Richard Gutierrez Jr.,Male,badminton,240.0,240
241,>30,165.0,seller,1222737.9999999998,850858.0000000023,Nicholas Maxwell,Female,football,241.0,241
242,>30,169.0,doctor,1284057.0000000007,912667.9999999964,Adam Nolan,Male,tennis,242.0,242
243,25-30,180.0,other,1242860.0000000002,871674.9999999963,Mary Jones,Male,table_tenis,243.0,243
244,>30,161.0,other,1382142.9999999993,990111.9999999964,Rick Greene,Female,tennis,244.0,244
245,>30,163.0,other,1193146.9999999998,924002.9999999992,Rick Rivera,Female,table_tenis,245.0,245
246,25-30,173.0,student,918714.9999999987,939451.0000000055,Angela Crawford,Male,tennis,246.0,246
247,>30,163.0,doctor,1185846.999999999,1005841.0000000036,Shannon Williams,Female,basketball,247.0,247
248,>30,171.0,accounting,1279689.9999999986,960697.9999999936,Nathan Price,Male,football,248.0,248
249,>30,162.0,other,1162534.9999999984,932841.9999999936,Heather Pena,Female,tennis,249.0,249
250,20-24,168.0,seller,1226779.0000000005,890416.0000000019,Donald Manning,Female,tennis,250.0,250
251,>30,172.0,other,1356138.9999999988,1001339.9999999991,John Jenkins,Male,football,251.0,251
252,>30,165.0,doctor,951511.0,937509.0000000056,Albert Garcia,Female,tennis,252.0,252
253,25-30,167.0,seller,1320758.0000000014,875219.9999999987,Danielle Dominguez,Female,badminton,253.0,253
254,>30,167.0,other,1343876.999999999,739869.9999999963,Adrian Griffin,Male,tennis,254.0,254
255,>30,168.0,other,1239725.0,739976.9999999963,Eric Castro,Male,tennis,255.0,255
256,20-24,167.0,seller,1093323.0000000016,833231.9999999953,Alicia Lucas,Male,football,256.0,256
257,>30,167.0,other,981721.0000000001,760397.999999995,Patricia James,Female,football,257.0,257
258,>30,162.0,other,1090879.000000001,1032770.9999999969,John Roberts,Female,tennis,258.0,258
259,>30,163.0,doctor,1000219.0000000013,940297.0000000009,Yolanda Doyle,Female,football,259.0,259
260,>30,164.0,teacher,1309440.9999999995,957048.9999999978,Ashley Stone,Female,tennis,260.0,260
261,>30,172.0,other,1173560.9999999993,882552.0000000041,Brittany Sanchez,Male,football,261.0,261
262,>30,162.0,teacher,1370584.9999999984,754127.9999999944,Melissa Hernandez,Female,basketball,262.0,262
263,>30,166.0,other,1344754.9999999993,890336.0000000049,Donna Miller,Female,tennis,263.0,263
264,>30,167.0,other,1243234.9999999986,860207.0000000027,Francisco Dorsey,Male,swimming,264.0,264
265,25-30,162.0,other,1157795.0000000002,984285.9999999972,Steven Sampson,Female,tennis,265.0,265
266,>30,169.0,other,1207011.0000000014,964956.9999999985,Rebekah Thompson,Female,tennis,266.0,266
267,>30,169.0,engineer,1196473.000000001,855023.0000000028,Daniel Lopez,Male,tennis,267.0,267
268,>30,164.0,seller,1098773.0000000014,860775.0000000037,James Davis,Female,football,268.0,268
269,20-24,162.0,seller,1233290.0000000002,758712.0000000027,Shelia Griffin,Female,badminton,269.0,269
270,25-30,170.0,engineer,1108498.000000001,882003.9999999949,Vernon Rice,Male,badminton,270.0,270
271,25-30,164.0,other,895188.0000000009,903470.9999999963,Stephen Moore,Female,badminton,271.0,271
272,>30,163.0,other,1336209.0000000002,955529.9999999959,Oscar Black,Female,tennis,272.0,272
273,25-30,167.0,other,950212.0000000005,772170.0000000027,Janet Carrillo,Female,football,273.0,273
274,25-30,168.0,doctor,976800.9999999985,883557.9999999936,Dr. Thomas Barnes II,Male,football,274.0,274
275,>30,167.0,engineer,1191693.9999999984,814813.0000000009,David Wilson,Male,tennis,275.0,275
276,25-30,165.0,seller,1171649.9999999995,966673.0,Tara Elliott,Female,football,276.0,276
277,>30,167.0,doctor,1105166.0000000005,977813.9999999951,Anna Jones,Female,tennis,277.0,277
278,>30,164.0,other,964428.9999999992,1019690.9999999944,Stephanie Cruz DDS,Female,basketball,278.0,278
279,25-30,171.0,seller,1362109.0000000002,1022409.9999999936,Dr. Tanya Goodman DVM,Female,football,279.0,279
280,25-30,180.0,other,1052600.000000002,880500.9999999953,Adrienne Rodriguez,Male,tennis,280.0,280
281,>30,160.0,other,1331337.9999999988,967753.9999999992,John Jensen,Female,tennis,281.0,281
282,>30,171.0,other,945865.0000000013,932246.0000000064,Nathan Smith,Male,tennis,282.0,282
283,>30,169.0,other,1233385.9999999995,974928.0000000056,Louis Lawson,Male,swimming,283.0,283
284,20-24,167.0,seller,1143187.9999999986,847650.9999999991,Kimberly Waters,Female,badminton,284.0,284
285,>30,164.0,seller,1036643.9999999992,742283.999999998,Christian Petty,Female,basketball,285.0,285
286,25-30,162.0,seller,1075206.9999999988,805175.0000000055,Mark Kennedy,Female,tennis,286.0,286
287,>30,163.0,other,1350245.000000001,1014289.0000000051,James Taylor,Female,tennis,287.0,287
288,20-24,161.0,seller,1023040.9999999992,889217.000000002,Alejandra Wilson,Female,tennis,288.0,288
289,<20,169.0,seller,1273738.999999999,1028566.9999999951,Cody Lynch,Male,football,289.0,289
290,25-30,176.0,other,1183802.0,846834.0000000013,Ashley Grant,Male,tennis,290.0,290
291,>30,170.0,other,1108748.9999999995,874499.0000000001,Catherine Long,Male,football,291.0,291
292,25-30,172.0,engineer,1105761.9999999986,1019338.0000000049,Stephen Collins,Male,football,292.0,292
293,>30,163.0,other,1012271.9999999994,1030704.9999999977,Evelyn Sims,Female,tennis,293.0,293
294,20-24,169.0,doctor,1148279.9999999998,756555.0000000058,Nicole Holland,Male,swimming,294.0,294
295,>30,172.0,seller,1280166.9999999988,921265.0000000055,Jessica Hayes,Male,football,295.0,295
296,>30,170.0,accounting,1253866.9999999995,905735.0000000072,Jasmine Jones,Male,football,296.0,296
297,25-30,173.0,doctor,1347719.0000000014,997435.9999999935,Shane Hampton,Male,football,297.0,297
298,>30,162.0,other,1358968.9999999984,740166.9999999995,Catherine Andersen,Female,tennis,298.0,298
299,>30,162.0,other,946957.9999999986,735606.0000000042,Jeffrey Warner,Female,tennis,299.0,299
300,>30,172.0,other,1182618.999999999,856984.9999999945,William Leon,Male,tennis,300.0,300
301,>30,166.0,teacher,1044519.0000000009,894604.9999999985,Willie Hanson,Female,badminton,301.0,301
302,>30,165.0,other,1055171.9999999988,848356.999999993,Karen Harrison,Female,tennis,302.0,302
303,25-30,170.0,other,1208580.9999999988,846868.0000000006,Susan Mathis,Male,tennis,303.0,303
304,>30,171.0,other,924250.0000000008,1001706.9999999963,Teresa Good,Male,badminton,304.0,304
305,>30,171.0,other,1351458.9999999984,878383.999999997,Theodore Jones MD,Female,table_tenis,305.0,305
306,>30,164.0,teacher,1041240.9999999994,939252.9999999936,Andrea Fox,Female,football,306.0,306
307,>30,163.0,other,1233844.0000000012,736492.9999999958,Kent Brock,Female,tennis,307.0,307
308,>30,175.0,other,1090645.9999999995,893980.9999999965,Kristi Brooks,Male,tennis,308.0,308
309,25-30,170.0,teacher,1035633.0000000008,791769.9999999997,Ricky Miranda,Male,tennis,309.0,309
310,>30,173.0,other,920065.0000000009,788807.0000000056,Christian Gray,Male,swimming,310.0,310
311,>30,168.0,other,1269355.000000001,955780.0000000044,Brian Price,Male,football,311.0,311
312,25-30,169.0,other,894203.0000000009,824692.9999999964,Manuel Peck,Male,basketball,312.0,312
313,>30,164.0,other,1237883.0,944535.000000002,William Roach,Female,tennis,313.0,313
314,>30,168.0,other,1040240.0000000008,872470.000000007,Dawn Cline,Male,football,314.0,314
315,>30,168.0,engineer,1354654.0,939550.9999999944,Jeffrey Martin,Female,tennis,315.0,315
316,>30,174.0,other,1143650.9999999984,944682.0000000001,Dr. Bobby Watkins,Male,swimming,316.0,316
317,25-30,161.0,seller,1283939.0000000002,867223.9999999931,Steve Johnson,Female,tennis,317.0,317
318,>30,166.0,other,1321895.0000000014,785698.9999999941,Robert Mejia,Female,basketball,318.0,318
319,>30,162.0,doctor,1318049.9999999995,771265.999999997,Kenneth Harris,Female,tennis,319.0,319
320,>30,167.0,teacher,1336849.9999999984,858642.0000000033,Anita Schwartz,Female,basketball,320.0,320
321,>30,172.0,other,1023219.9999999985,953438.0000000056,Nicole Peters,Male,tennis,321.0,321
322,<20,167.0,student,1234598.9999999993,945848.9999999956,Mary Silva,Female,tennis,322.0,322
323,>30,164.0,other,1029181.9999999987,848157.999999998,Michael Chang,Female,tennis,323.0,323
324,>30,168.0,doctor,1236999.000000001,991752.0000000051,Christopher King,Female,badminton,324.0,324
325,>30,163.0,doctor,954281.0000000015,830039.9999999967,Omar Mejia,Female,football,325.0,325
326,20-24,169.0,engineer,1256344.9999999995,836768.0000000064,Harry Johnson,Male,badminton,326.0,326
327,>30,168.0,seller,1337440.9999999984,777090.9999999986,Darius Fox,Female,tennis,327.0,327
328,>30,165.0,other,977753.0,979360.9999999972,Andrew Cline,Female,tennis,328.0,328
329,>30,166.0,other,919339.0000000008,1028311.0000000022,Melissa Pratt,Male,football,329.0,329
330,>30,162.0,other,943937.9999999992,809550.9999999991,Catherine Fischer,Female,football,330.0,330
331,>30,172.0,other,1097162.000000001,1020307.0000000027,Deanna Hill,Male,tennis,331.0,331
332,20-24,170.0,seller,973313.0000000008,907394.9999999941,Scott Crawford,Male,football,332.0,332
333,<20,169.0,student,946128.0000000015,787954.9999999965,Kristina Davis,Male,tennis,333.0,333
334,>30,164.0,seller,1123266.9999999984,735560.0000000065,Jonathan Jones,Female,tennis,334.0,334
335,>30,163.0,other,1171765.0000000007,1006952.9999999958,Steven Molina,Female,tennis,335.0,335
336,20-24,160.0,doctor,1093710.0000000016,982613.0000000006,Katherine Lee,Female,volleyball,336.0,336
337,>30,165.0,other,1341183.9999999984,885485.0000000028,Jorge Edwards,Female,tennis,337.0,337
338,>30,167.0,accounting,1162849.9999999988,921760.0000000063,Tiffany Thomas,Female,badminton,338.0,338
339,>30,172.0,doctor,1135660.0000000014,760086.9999999986,Christine Bradley,Male,tennis,339.0,339
340,25-30,171.0,other,1156656.0000000016,998214.0000000044,Lauren Wheeler,Male,tennis,340.0,340
341,>30,173.0,engineer,1168307.9999999998,987493.0000000006,Timothy Sparks,Male,badminton,341.0,341
342,>30,168.0,other,1078600.0000000016,933932.9999999963,Matthew Guzman,Male,football,342.0,342
343,25-30,162.0,other,1050167.9999999993,1020742.9999999959,Jennifer Salazar,Female,tennis,343.0,343
344,20-24,169.0,other,1103586.0,938739.9999999956,Tina Franco,Male,tennis,344.0,344
345,>30,171.0,other,1366517.9999999993,1001704.0000000036,Michael Cole,Male,tennis,345.0,345
346,>30,166.0,seller,1091650.0000000014,856117.999999995,Kenneth Foster,Female,football,346.0,346
347,<20,172.0,student,895671.0000000001,812535.9999999944,John Strickland,Male,tennis,347.0,347
348,>30,168.0,other,1248273.9999999986,982883.0000000009,Vincent Murray,Male,football,348.0,348
349,>30,173.0,doctor,1322375.000000001,881026.0000000056,Blake Lyons,Male,badminton,349.0,349
350,>30,167.0,other,1138152.999999999,802481.0000000001,Rebecca Robinson,Male,tennis,350.0,350
351,25-30,175.0,other,1293755.000000001,781615.0000000022,John Brock,Male,badminton,351.0,351
352,>30,174.0,teacher,1125844.0000000007,908889.9999999995,Denise Cooper,Male,tennis,352.0,352
353,>30,174.0,student,1278127.9999999988,892697.9999999958,Erin Stafford,Male,tennis,353.0,353
354,>30,168.0,other,1074832.0000000007,791212.0000000015,Xavier Snyder,Female,tennis,354.0,354
355,25-30,164.0,seller,884668.9999999987,925669.9999999965,Rebecca Carlson,Female,football,355.0,355
356,25-30,175.0,engineer,917384.9999999994,1011000.9999999931,Jonathan Allen,Male,badminton,356.0,356
357,>30,163.0,other,1012250.0000000015,921426.9999999942,Debra Rogers,Female,swimming,357.0,357
358,>30,165.0,other,1098476.999999999,859674.9999999956,John Smith,Female,tennis,358.0,358
359,>30,172.0,other,1251766.0,862009.999999998,Nicole Tran,Male,football,359.0,359
360,>30,168.0,seller,1307815.999999999,886838.9999999949,Seth Moore,Female,tennis,360.0,360
361,>30,169.0,other,1127995.9999999995,741253.999999998,Keith Carlson,Female,tennis,361.0,361
362,25-30,173.0,other,1043465.9999999987,1027422.9999999987,James Baxter,Male,tennis,362.0,362
363,20-24,170.0,other,1093762.0000000016,921999.9999999972,Robert Johnson,Male,football,363.0,363
364,>30,169.0,seller,976618.9999999994,751724.9999999935,Kathryn Lopez,Male,tennis,364.0,364
365,>30,173.0,other,1078941.0000000005,843401.0000000001,Karen Pope,Male,football,365.0,365
366,>30,169.0,teacher,892641.0000000013,824352.0000000047,Maria Bailey,Male,football,366.0,366
367,>30,171.0,engineer,954086.0000000001,949738.9999999941,Michael Hardin,Male,tennis,367.0,367
368,25-30,173.0,other,1343046.0000000012,957909.0000000008,Brenda Eaton,Male,football,368.0,368
369,25-30,163.0,engineer,927098.0000000008,961842.0000000044,Robert Buck,Female,badminton,369.0,369
370,25-30,167.0,other,1282153.9999999984,736368.9999999963,Sergio Nichols,Male,football,370.0,370
371,20-24,164.0,teacher,1310593.9999999984,758930.0000000065,Kathleen Nelson,Female,tennis,371.0,371
372,>30,171.0,other,1149640.0000000016,762232.9999999949,Scott Marks,Male,tennis,372.0,372
373,25-30,172.0,seller,1293396.0000000014,841038.999999995,Lori Rivera,Male,football,373.0,373
374,>30,174.0,other,1189610.9999999993,836411.9999999956,Luke Thomas,Male,football,374.0,374
375,>30,172.0,other,1112434.0000000005,896011.9999999991,Brittany Eaton,Male,football,375.0,375
376,20-24,171.0,other,1029910.9999999985,1029410.9999999959,Megan Jacobs,Male,tennis,376.0,376
377,>30,164.0,other,1353297.0000000014,822740.9999999935,David Campbell,Female,tennis,377.0,377
378,>30,166.0,accounting,1233836.0000000002,988398.0000000036,Brian Cooper,Female,tennis,378.0,378
379,>30,174.0,teacher,1108910.0000000016,818888.9999999986,Taylor Anderson,Male,volleyball,379.0,379
380,>30,168.0,seller,986834.0000000015,864508.0000000006,Tracy Wang,Male,football,380.0,380
381,25-30,170.0,student,941545.0000000014,747938.0000000049,Andrea Orozco,Female,football,381.0,381
382,>30,168.0,other,930347.9999999986,990870.9999999985,Sean Bennett,Male,basketball,382.0,382
383,>30,176.0,other,1261393.9999999993,772885.0000000022,Shannon Gallagher,Male,tennis,383.0,383
384,>30,172.0,student,1189444.0000000016,861508.0000000006,Jose Young,Male,tennis,384.0,384
385,>30,170.0,accounting,1162392.0000000005,964152.9999999959,Danielle Clay,Male,football,385.0,385
386,>30,167.0,other,1290364.0000000002,736436.9999999951,Carol Campbell,Male,tennis,386.0,386
387,>30,164.0,other,1313300.0000000016,946994.0000000036,Jacob Flores,Male,tennis,387.0,387
388,>30,168.0,seller,1031658.0000000001,907343.9999999949,Jessica Butler,Male,football,388.0,388
389,20-24,166.0,student,994367.0000000005,900435.9999999991,Anne Bradford,Female,football,389.0,389
390,>30,169.0,other,1289193.9999999984,1007842.9999999941,Jonathan Ferguson,Male,badminton,390.0,390
391,>30,172.0,engineer,1273360.0000000002,1028520.0000000005,Tammy Friedman,Male,football,391.0,391
392,>30,161.0,accounting,1231681.9999999993,865032.9999999969,Kelly Vaughn,Female,swimming,392.0,392
393,>30,174.0,engineer,1145140.9999999988,756093.000000007,Mr. David Rose,Male,tennis,393.0,393
394,>30,164.0,other,1337496.999999999,918118.0000000069,Nathan Hodges,Female,badminton,394.0,394
395,>30,166.0,doctor,922831.9999999995,819331.0000000055,Wanda Allen,Female,basketball,395.0,395
396,>30,173.0,other,1383017.9999999998,770593.0000000051,Susan Daniel,Male,tennis,396.0,396
397,>30,176.0,doctor,1262574.0000000007,816973.0000000044,Mario Woods,Male,tennis,397.0,397
398,>30,171.0,other,1277205.9999999995,973534.0000000008,Eric Green,Male,table_tenis,398.0,398
399,>30,169.0,seller,1037424.0000000015,878630.0000000013,Taylor Flores,Male,football,399.0,399
400,25-30,171.0,other,1295058.000000001,828959.999999995,Samuel Davies,Male,football,400.0,400
401,25-30,171.0,teacher,1002241.0000000015,734845.000000007,Mark Jimenez,Male,badminton,401.0,401
402,20-24,191.0,other,1097626.000000002,933857.0000000031,Yolanda Hamilton,Female,tennis,402.0,402
403,>30,174.0,teacher,1152660.000000001,866703.9999999986,Sandra Williams,Male,tennis,403.0,403
404,>30,162.0,other,1069928.000000001,862058.0000000047,Amy Dean,Female,tennis,404.0,404
405,>30,167.0,other,1174851.0000000002,854359.0000000023,Jacob Chen,Female,basketball,405.0,405
406,20-24,162.0,other,1064116.9999999995,824594.0000000047,Alan Lewis,Female,badminton,406.0,406
407,25-30,171.0,other,1329522.999999998,935174.0000000036,Colleen Martin,Male,football,407.0,407
408,>30,170.0,other,1011666.9999999992,942910.9999999951,Michael Flores,Male,football,408.0,408
409,25-30,172.0,engineer,1068854.9999999993,951178.9999999964,Autumn Brennan,Male,badminton,409.0,409
410,>30,172.0,engineer,1060047.000000001,733456.0000000037,Ronald Bailey,Male,table_tenis,410.0,410
411,>30,164.0,other,961559.0000000013,1031891.0000000015,Javier Velasquez,Female,table_tenis,411.0,411
412,>30,172.0,other,1346021.0000000005,985806.9999999941,Sarah Castillo,Male,tennis,412.0,412
413,20-24,168.0,other,1070447.0000000014,985495.0000000001,Jamie Moss,Male,football,413.0,413
414,>30,168.0,other,1313546.9999999998,924940.0000000064,Nathan Collins,Female,tennis,414.0,414
415,>30,171.0,engineer,1231683.0000000002,827038.0000000017,David Williams,Male,tennis,415.0,415
416,>30,166.0,seller,1266138.999999999,856058.0000000044,Marcus Goodwin,Male,football,416.0,416
417,>30,167.0,other,1253637.0000000012,1008880.0000000049,Vickie Ray,Male,tennis,417.0,417
418,>30,168.0,seller,1170875.9999999998,839012.9999999942,Terry Wilson,Female,table_tenis,418.0,418
419,25-30,161.0,teacher,1032544.0000000015,824653.9999999953,Ian Smith,Female,tennis,419.0,419
420,>30,173.0,other,1226230.000000001,896586.9999999967,Dr. James Bryant,Female,tennis,420.0,420
421,>30,171.0,other,1132305.9999999998,982012.9999999949,Christina Mcconnell,Male,tennis,421.0,421
422,>30,171.0,other,1124548.0000000007,980344.0000000023,Amanda Lee,Male,tennis,422.0,422
423,>30,164.0,doctor,1179213.0000000007,818593.000000007,Jordan Chambers,Female,swimming,423.0,423
424,25-30,172.0,other,1284283.9999999995,762775.0000000049,Leah Hart,Male,football,424.0,424
425,>30,167.0,engineer,1066928.999999998,1008606.9999999978,Jenna Smith,Female,basketball,425.0,425
426,>30,165.0,seller,1234837.9999999998,948975.0000000044,Autumn Berger,Female,football,426.0,426
427,>30,174.0,seller,1157824.999999999,805573.999999993,Leroy Burch,Male,football,427.0,427
428,25-30,168.0,engineer,1329430.9999999995,793685.9999999941,Elizabeth Webb,Male,football,428.0,428
429,20-24,161.0,seller,914491.9999999992,881512.9999999983,Kimberly Duncan,Female,football,429.0,429
430,>30,171.0,other,1369558.9999999988,761821.9999999951,Rebekah Pacheco,Male,tennis,430.0,430
431,25-30,167.0,engineer,980064.9999999999,892407.0000000056,Michael Hernandez,Male,table_tenis,431.0,431
432,>30,165.0,other,1332070.999999999,922826.0000000006,Mr. Ryan Warren,Male,tennis,432.0,432
433,25-30,179.0,student,1083348.9999999984,879666.9999999978,Candice Hampton,Male,football,433.0,433
434,>30,161.0,other,1247007.0,975975.0000000055,Amy West,Female,football,434.0,434
435,25-30,166.0,other,896070.9999999992,768018.9999999953,Alex Duarte,Female,badminton,435.0,435
436,>30,176.0,other,1351711.999999999,830260.999999993,Steven Olson,Male,tennis,436.0,436
437,20-24,169.0,engineer,984577.9999999992,898137.0000000055,Brenda Brown,Male,volleyball,437.0,437
438,25-30,170.0,other,1217591.9999999998,830223.0000000037,Jessica Miller,Male,table_tenis,438.0,438
439,>30,165.0,doctor,1211482.0000000002,950706.9999999942,Nancy Ali,Female,tennis,439.0,439
440,20-24,172.0,other,937094.9999999992,955324.0000000044,Juan Scott,Male,football,440.0,440
441,20-24,171.0,other,1339598.9999999998,950744.9999999978,Andrew Ramos,Male,football,441.0,441
442,>30,171.0,other,1251280.9999999988,864841.9999999959,Shannon Stein,Male,tennis,442.0,442
443,>30,162.0,other,961456.9999999992,780411.9999999985,Christopher Allison,Female,tennis,443.0,443
444,>30,170.0,other,1124703.0000000002,1015416.9999999992,Lauren Scott,Male,football,444.0,444
445,>30,172.0,seller,975442.9999999985,753387.0000000036,Vanessa Howe,Male,tennis,445.0,445
446,25-30,170.0,teacher,1180693.999999999,801089.0000000047,Caroline Henderson,Female,football,446.0,446
447,>30,169.0,other,1207079.0000000002,892707.9999999991,Derek Morris,Male,table_tenis,447.0,447
448,25-30,171.0,other,1046288.0000000006,756021.0000000041,Keith Castro,Male,tennis,448.0,448
449,>30,170.0,other,952527.0,1014954.000000003,Carlos Randall,Male,tennis,449.0,449
450,>30,165.0,teacher,954043.9999999995,996564.0000000064,Joseph Roman,Female,tennis,450.0,450
451,>30,164.0,other,1110915.9999999995,760086.0000000013,Michelle Brown,Female,football,451.0,451
452,>30,168.0,other,1043471.0000000001,989947.9999999985,Joshua Mitchell,Female,tennis,452.0,452
453,>30,168.0,other,1354258.0000000016,853723.0000000022,Darren Sullivan,Male,football,453.0,453
454,25-30,167.0,other,1148060.9999999984,841616.0000000019,Taylor Brown,Male,badminton,454.0,454
455,>30,164.0,other,1005296.9999999987,741758.0000000044,Lisa Stephens,Female,football,455.0,455
456,>30,172.0,seller,1331026.0000000014,994135.0,Kylie Pena,Male,football,456.0,456
457,>30,161.0,other,1313576.0000000012,827015.000000003,Victor Hayden,Female,football,457.0,457
458,>30,164.0,other,1062590.0000000002,863449.0000000028,James Turner,Female,tennis,458.0,458
459,>30,172.0,other,912851.0,815265.9999999941,Austin Mack,Male,tennis,459.0,459
460,20-24,164.0,other,1258884.9999999993,814502.0000000045,Daniel Johnson,Female,badminton,460.0,460
461,>30,170.0,doctor,910479.9999999999,947087.9999999936,Tanner Hayden,Male,badminton,461.0,461
462,>30,163.0,other,1380759.0000000012,785893.0000000015,Michael Webb,Female,football,462.0,462
463,>30,172.0,other,1242613.9999999998,1029882.0000000006,Jennifer Lloyd,Male,tennis,463.0,463
464,<20,166.0,seller,955134.9999999985,787045.0000000063,Candice Martinez DDS,Male,tennis,464.0,464
465,>30,165.0,seller,985831.0000000009,749356.0000000059,Wendy Valentine,Male,football,465.0,465
466,20-24,164.0,student,1059599.9999999998,962500.0000000056,Hector Hunter,Female,swimming,466.0,466
467,>30,165.0,engineer,1272355.000000001,755528.9999999956,Steven Mcfarland,Female,tennis,467.0,467
468,20-24,164.0,other,926590.0000000008,877984.9999999953,Thomas Lane,Female,badminton,468.0,468
469,>30,164.0,other,1267458.0000000014,906150.9999999942,Tammy Sutton,Female,tennis,469.0,469
470,25-30,163.0,other,988638.9999999992,1006866.9999999999,Melanie Sutton,Female,football,470.0,470
471,>30,163.0,other,964528.0000000014,977406.000000002,Lance Simmons,Female,badminton,471.0,471
472,>30,166.0,other,918683.9999999991,848496.9999999949,Kathryn White,Female,tennis,472.0,472
473,>30,170.0,engineer,1049696.9999999984,824332.9999999958,Kathleen Johnson,Male,tennis,473.0,473
474,>30,170.0,other,1317992.0000000002,928842.000000003,Ricardo Alvarado,Male,tennis,474.0,474
475,>30,167.0,other,984718.9999999985,740848.9999999972,Raven Rice DDS,Female,tennis,475.0,475
476,>30,170.0,other,1373819.000000001,939541.0000000056,Denise Maddox,Male,tennis,476.0,476
477,20-24,168.0,seller,1165490.9999999993,849508.9999999977,Laura Stewart DDS,Female,football,477.0,477
478,>30,173.0,other,1372689.9999999986,801146.0000000028,Rachael Montes,Male,tennis,478.0,478
479,>30,164.0,engineer,1110018.0000000002,851877.0000000017,Linda Thomas,Female,football,479.0,479
480,>30,164.0,other,1246148.0000000016,912343.000000007,Matthew Haley,Female,swimming,480.0,480
481,25-30,171.0,other,1266458.0,882666.0000000003,Erin Thomas,Male,football,481.0,481
482,25-30,171.0,other,1243922.0000000014,810991.0000000014,Shannon Mills,Male,football,482.0,482
483,25-30,162.0,other,1080826.9999999993,1032285.0000000015,Lori Bishop,Female,tennis,483.0,483
484,20-24,167.0,other,992954.9999999985,896793.0000000023,Mr. Dustin Tyler,Male,badminton,484.0,484
485,>30,167.0,other,1055814.0000000016,1009874.9999999937,Chase Rodriguez,Male,tennis,485.0,485
486,25-30,170.0,other,1102806.0000000012,742463.0000000008,Andrea Burton,Male,football,486.0,486
487,>30,166.0,other,1260757.0000000016,784458.9999999983,Rachel Lynch,Female,tennis,487.0,487
488,20-24,172.0,other,946987.0,975268.9999999972,James Nguyen,Female,tennis,488.0,488
489,>30,170.0,seller,1036419.9999999995,964522.0000000023,Lisa Lewis,Male,tennis,489.0,489
490,20-24,172.0,student,995965.0000000015,757931.9999999967,John Bautista,Male,table_tenis,490.0,490
491,20-24,166.0,other,1381184.0000000012,1008677.0000000058,Ashley Harper,Female,tennis,491.0,491
492,20-24,163.0,seller,1077695.9999999995,775546.0000000056,Steve Cabrera,Female,tennis,492.0,492
493,>30,170.0,other,1230775.0000000014,822912.0000000023,Cody Hernandez,Male,tennis,493.0,493
494,25-30,171.0,student,1033830.9999999992,843777.000000003,Jeffery Moore,Male,football,494.0,494
495,>30,168.0,engineer,1045801.9999999985,967814.0000000042,Misty Meyer,Male,tennis,495.0,495
496,>30,164.0,teacher,1060200.9999999993,987607.9999999944,Kendra Marshall,Male,tennis,496.0,496
497,25-30,170.0,other,963094.0000000015,849613.000000005,Matthew Reyes,Male,football,497.0,497
498,20-24,168.0,other,1143993.9999999993,781915.9999999953,Raymond Peterson,Male,tennis,498.0,498
499,>30,169.0,seller,1204482.9999999998,740074.000000007,Mary Rice,Female,football,499.0,499
500,20-24,174.0,seller,961583.0000000008,993534.9999999944,Alan Jackson,Male,football,500.0,500
501,>30,172.0,other,976072.9999999995,934713.000000002,Karen Williams,Male,football,501.0,501
502,>30,175.0,developer,1088595.0000000016,851253.9999999973,Priscilla Ellis,Male,tennis,502.0,502
503,>30,165.0,accounting,1228252.9999999986,847076.0000000013,Tommy Zavala,Female,tennis,503.0,503
504,<20,173.0,student,936153.9999999985,847156.9999999956,Jerry Mccoy,Male,tennis,504.0,504
505,25-30,169.0,seller,1369993.9999999984,1021968.9999999986,Dustin Garcia,Male,badminton,505.0,505
506,>30,162.0,other,1026914.9999999991,975237.000000007,Jacob Ball,Female,tennis,506.0,506
507,25-30,164.0,other,1122706.000000001,1016104.9999999959,Mr. Roger Preston MD,Female,tennis,507.0,507
508,>30,168.0,doctor,1058126.9999999988,844739.0000000041,Carlos Bryant,Female,football,508.0,508
509,>30,170.0,seller,1170777.0000000012,900099.9999999949,Jose Short,Male,football,509.0,509
510,20-24,167.0,other,981303.0000000005,794690.0000000028,Gerald Wagner,Male,football,510.0,510
511,>30,172.0,other,1026754.0000000005,1029036.0000000049,Deanna Frazier,Male,football,511.0,511
512,>30,169.0,other,1045860.0000000013,989361.0000000023,Charlotte Fernandez,Male,tennis,512.0,512
513,25-30,168.0,seller,1039225.9999999992,787570.9999999999,Stephen Johnson,Male,badminton,513.0,513
514,>30,171.0,doctor,1122871.0,920068.0000000006,Joshua Brown,Male,table_tenis,514.0,514
515,>30,172.0,other,1130438.999999999,892471.0000000005,Jose Harris,Male,tennis,515.0,515
516,>30,168.0,doctor,914428.9999999985,791161.0000000023,Lori Patton,Male,badminton,516.0,516
517,>30,172.0,other,1366934.0000000005,898087.0000000037,Michelle Barry,Male,badminton,517.0,517
518,>30,175.0,developer,955881.9999999991,915069.0000000027,Theresa Williams,Male,tennis,518.0,518
519,25-30,167.0,student,958570.9999999992,948670.000000007,Kevin Mooney,Female,tennis,519.0,519
520,>30,168.0,accounting,1191168.0000000012,933593.9999999994,Shawn Davidson,Male,tennis,520.0,520
521,>30,167.0,other,1093809.0000000002,803267.0000000051,Abigail Mcdaniel,Female,football,521.0,521
522,25-30,173.0,seller,887892.9999999983,760351.9999999973,Michael Alvarado,Male,football,522.0,522
523,25-30,172.0,other,1173135.9999999995,843384.9999999978,Reginald Snyder,Male,tennis,523.0,523
524,>30,176.0,other,1008444.0000000008,1001283.0000000008,Whitney Walker DVM,Male,tennis,524.0,524
525,>30,168.0,other,1088346.0000000014,853662.9999999973,Malik Fowler,Female,table_tenis,525.0,525
526,>30,172.0,other,909939.9999999987,734029.0000000069,Sabrina Dixon,Male,football,526.0,526
527,25-30,167.0,other,968834.0000000009,819241.0000000051,Michael Bell,Male,badminton,527.0,527
528,>30,166.0,accounting,1305686.9999999988,801001.9999999969,Casey Santiago,Female,tennis,528.0,528
529,>30,171.0,other,1262647.9999999986,989914.9999999964,Veronica Smith,Male,badminton,529.0,529
530,>30,169.0,accounting,1102107.0000000002,925324.0000000035,Dustin Bush,Male,tennis,530.0,530
531,25-30,164.0,student,1224501.0,935653.9999999995,Amanda Colon,Female,tennis,531.0,531
532,>30,175.0,other,1348161.9999999986,851854.000000003,Daniel Reyes,Male,tennis,532.0,532
533,25-30,169.0,other,886806.0,829367.0000000049,Alexandra Hansen,Female,football,533.0,533
534,20-24,167.0,seller,888694.0000000009,993753.9999999956,Amanda Davis,Male,football,534.0,534
535,>30,170.0,other,987356.9999999994,926097.9999999959,Earl Williams,Male,tennis,535.0,535
536,20-24,171.0,seller,1216743.000000001,795332.9999999994,Brian Yu,Female,tennis,536.0,536
537,20-24,174.0,other,884826.0000000003,974880.9999999964,Tommy Smith,Male,badminton,537.0,537
538,>30,169.0,other,908408.0000000014,871418.0000000056,Catherine Thompson,Male,badminton,538.0,538
539,>30,168.0,engineer,1100849.0000000002,830968.9999999959,Adam Bell,Male,football,539.0,539
540,>30,160.0,seller,1089665.0,861256.9999999949,Matthew Moore,Female,football,540.0,540
541,>30,168.0,seller,1005240.0000000006,784173.999999993,Ronald Roberts,Male,football,541.0,541
542,>30,170.0,other,911773.0,776000.9999999937,Brent Ritter,Male,tennis,542.0,542
543,>30,170.0,other,1220880.0000000012,853875.0000000022,Meagan Warren,Male,tennis,543.0,543
544,20-24,160.0,seller,1241097.0,774303.0000000033,Lori Hernandez,Female,tennis,544.0,544
545,20-24,167.0,seller,962726.0,854853.0000000056,Nancy George,Male,tennis,545.0,545
546,>30,183.0,other,1127455.9999999986,902495.9999999992,Melissa Torres,Male,tennis,546.0,546
547,25-30,170.0,other,1306336.9999999993,886521.0000000019,Vicki Lewis,Male,football,547.0,547
548,25-30,159.0,other,959254.0000000014,905073.0000000015,Joshua Garcia,Female,football,548.0,548
549,20-24,171.0,other,993383.0000000015,858766.0000000028,Henry Snyder,Male,swimming,549.0,549
550,>30,177.0,other,1047467.9999999985,743761.0000000063,Tracy Simpson,Male,badminton,550.0,550
551,25-30,169.0,doctor,992604.0,761236.9999999942,Shelley Monroe,Male,football,551.0,551
552,>30,176.0,other,1188300.999999999,1005949.9999999986,Marvin Webster,Male,tennis,552.0,552
553,20-24,171.0,student,939789.9999999986,1015719.0000000044,Andrea Ferguson,Male,football,553.0,553
554,>30,168.0,seller,1050613.9999999995,841710.0000000063,Michael Monroe,Female,football,554.0,554
555,>30,170.0,teacher,1105881.0,889994.9999999991,Maria Johnson,Male,badminton,555.0,555
556,>30,170.0,doctor,1043758.0000000005,947149.9999999936,Ellen Allen,Female,tennis,556.0,556
557,>30,162.0,other,1367073.0000000014,755651.0000000003,Jacob Sanchez,Female,badminton,557.0,557
558,>30,170.0,other,1051276.9999999988,857118.9999999973,Dr. Gregory Spence PhD,Female,tennis,558.0,558
559,>30,166.0,other,891297.0000000015,750918.9999999963,Amy Aguilar,Female,basketball,559.0,559
560,25-30,172.0,seller,1306135.0000000012,1031069.9999999999,Lucas Kaufman,Male,tennis,560.0,560
561,20-24,173.0,other,1232946.9999999993,908362.9999999944,Lori Carson,Male,football,561.0,561
562,25-30,168.0,teacher,942864.0,851534.0000000009,Robert Hughes,Male,swimming,562.0,562
563,>30,172.0,other,1038541.9999999995,845766.999999995,Erin Morgan,Male,football,563.0,563
564,>30,166.0,other,1122085.9999999995,978785.9999999995,Tammy Lopez,Female,tennis,564.0,564
565,>30,170.0,other,1363163.0000000002,768990.9999999999,Jeremy Stevens,Male,tennis,565.0,565
566,>30,168.0,seller,1163817.0000000016,805896.0000000042,Stephanie Cruz,Male,football,566.0,566
567,25-30,176.0,other,1138470.0000000016,812923.9999999953,Terri Hensley,Male,badminton,567.0,567
568,20-24,167.0,other,980933.0000000001,971007.9999999977,Charles Cole,Male,tennis,568.0,568
569,25-30,168.0,seller,1017645.0000000015,857038.000000003,Jose Shields,Female,football,569.0,569
570,25-30,174.0,other,1144248.000000001,967616.0000000065,Gregory Yang,Male,tennis,570.0,570
571,>30,167.0,teacher,1327788.0000000016,908869.9999999931,Jason Flowers,Female,tennis,571.0,571
572,>30,160.0,other,1368957.000000002,841671.0000000051,Eric Webb,Female,badminton,572.0,572
573,>30,170.0,other,1053739.0000000002,889722.0000000063,Caitlin Hammond,Male,football,573.0,573
574,25-30,163.0,other,1034438.9999999991,970714.9999999985,Sheila Martin,Male,badminton,574.0,574
575,>30,168.0,doctor,1362003.0000000014,988472.9999999992,David Lynch,Male,table_tenis,575.0,575
576,25-30,171.0,other,1102803.999999999,1020354.999999995,Brianna Willis,Male,football,576.0,576
577,>30,173.0,student,1273243.0000000007,944877.0000000051,Scott Garrison,Male,football,577.0,577
578,>30,172.0,other,1365103.0000000014,951014.0000000008,Dean Werner,Male,football,578.0,578
579,>30,168.0,seller,974260.9999999985,867474.9999999987,Jeremy Lopez,Female,football,579.0,579
580,>30,177.0,other,969594.0000000008,872264.9999999987,James Obrien,Male,tennis,580.0,580
581,<20,173.0,other,1271086.0000000005,862949.0000000005,Heather Vega,Male,tennis,581.0,581
582,25-30,168.0,teacher,1271210.0,840689.9999999951,William Gallagher,Female,tennis,582.0,582
583,>30,166.0,other,888436.9999999997,949039.9999999964,Rebecca Calhoun,Female,tennis,583.0,583
584,>30,165.0,engineer,1278303.9999999986,806912.9999999944,Brittany Tapia,Male,football,584.0,584
585,>30,169.0,seller,936972.0000000008,945434.0000000059,Rebekah Flores,Female,swimming,585.0,585
586,20-24,171.0,other,912521.9999999992,910981.0000000069,Alyssa Stewart,Male,tennis,586.0,586
587,25-30,161.0,other,1361418.0000000005,808847.0000000001,Sharon Cortez,Female,badminton,587.0,587
588,20-24,168.0,seller,1135764.000000002,919407.0000000069,Jeremy Stewart,Female,football,588.0,588
589,25-30,163.0,accounting,1276188.9999999986,806496.9999999931,Lynn Moore MD,Female,football,589.0,589
590,>30,163.0,other,1151945.0000000014,1008549.000000002,Marilyn Blanchard,Female,tennis,590.0,590
591,>30,172.0,other,1014195.0000000008,846242.0000000037,Angela Howe,Male,tennis,591.0,591
592,>30,166.0,other,1298017.999999999,895193.0000000063,Kevin Tate,Female,tennis,592.0,592
593,>30,164.0,accounting,1305222.0000000005,921074.0000000044,James Barnes,Female,basketball,593.0,593
594,>30,163.0,other,1294342.0000000002,1025833.0000000058,Kathy Mueller,Female,tennis,594.0,594
595,>30,168.0,accounting,1373640.000000002,1030713.0000000058,Mike Dean,Female,football,595.0,595
596,>30,169.0,doctor,1171348.9999999993,961887.0000000044,Amy Carney,Female,football,596.0,596
597,>30,167.0,engineer,1333251.0000000007,882988.9999999949,Janet Sanders,Female,tennis,597.0,597
598,>30,163.0,accounting,1031406.0000000005,824746.0000000047,Mario Harper,Female,tennis,598.0,598
599,25-30,174.0,engineer,1095659.0000000012,897059.9999999963,Rachel Greer,Male,football,599.0,599
600,25-30,168.0,engineer,1220425.9999999998,803803.9999999995,Cynthia Mccormick,Male,table_tenis,600.0,600
601,>30,167.0,other,1029076.0,939914.9999999992,Mary Wilson,Female,badminton,601.0,601
602,>30,167.0,other,1042265.0000000005,827096.9999999949,Tracey Roth,Female,tennis,602.0,602
603,>30,163.0,accounting,1355624.9999999998,920983.0000000069,Andre Bishop,Female,tennis,603.0,603
604,>30,164.0,other,1176881.0000000016,986481.9999999951,Mr. David Lindsey,Male,tennis,604.0,604
605,>30,167.0,other,1027218.0000000013,1014240.0000000008,Richard Joseph,Female,tennis,605.0,605
606,>30,172.0,seller,1195191.0000000012,919106.9999999969,Amanda Gonzales,Male,tennis,606.0,606
607,>30,172.0,other,988837.0000000001,967618.9999999992,Eddie Pena,Male,tennis,607.0,607
608,25-30,165.0,other,942332.0000000005,831937.9999999937,Rebecca Jones,Male,football,608.0,608
609,>30,168.0,other,950479.0000000014,1008927.0,Nicole Hall,Female,tennis,609.0,609
610,>30,169.0,other,1225525.9999999986,967551.9999999978,Thomas Randall,Female,football,610.0,610
611,>30,169.0,other,1104990.9999999984,874703.9999999942,Jacob Carter,Male,tennis,611.0,611
612,>30,174.0,accounting,1054594.999999999,772593.999999998,David Weiss,Male,tennis,612.0,612
613,25-30,173.0,doctor,1350941.9999999998,887400.999999997,Richard Vang,Male,badminton,613.0,613
614,>30,172.0,seller,1372966.999999999,783733.9999999955,Allison Ortiz,Male,tennis,614.0,614
615,>30,163.0,doctor,1116365.9999999993,775254.0000000037,Sarah Stephens,Female,swimming,615.0,615
616,20-24,168.0,accounting,1042780.0000000005,835761.0000000051,Billy Krueger,Female,tennis,616.0,616
617,25-30,168.0,doctor,1187968.0000000014,793661.9999999977,Alisha Johnson,Male,tennis,617.0,617
618,25-30,175.0,other,1211735.9999999984,910307.0000000031,Lisa Williams,Male,table_tenis,618.0,618
619,>30,173.0,seller,980523.0000000015,803736.9999999981,Judith Williams,Male,football,619.0,619
620,25-30,168.0,other,1043026.9999999986,876644.9999999964,Linda Cook,Female,tennis,620.0,620
621,>30,167.0,engineer,934792.9999999992,822727.999999998,Tina Figueroa,Male,football,621.0,621
622,>30,173.0,other,937180.0000000015,994612.0000000036,Sheena Mcdonald,Male,tennis,622.0,622
623,25-30,164.0,other,1166722.0,1007251.9999999941,Kimberly Wheeler,Female,table_tenis,623.0,623
624,25-30,171.0,other,1157028.0000000005,878774.000000007,Anthony Olson,Male,tennis,624.0,624
625,25-30,164.0,other,1011314.9999999999,829503.0000000027,Andrew Robinson,Female,football,625.0,625
626,>30,163.0,other,1177327.9999999993,855681.0000000042,Matthew Lewis,Female,tennis,626.0,626
627,>30,171.0,other,1083176.0000000016,1002840.0000000063,Walter Golden,Male,badminton,627.0,627
628,>30,164.0,teacher,1127811.0000000012,933970.9999999995,Carrie Garza,Female,badminton,628.0,628
629,20-24,174.0,other,1263891.9999999984,814218.9999999944,Stacy Mccall,Male,football,629.0,629
630,>30,169.0,student,1126718.0000000002,749988.9999999994,Angela Mcknight,Female,football,630.0,630
631,25-30,173.0,other,1093509.9999999984,807822.9999999991,Donald Mcclure,Male,badminton,631.0,631
632,25-30,171.0,other,1048114.9999999992,1015157.000000002,Kyle Mayo,Male,table_tenis,632.0,632
633,20-24,173.0,seller,1022531.0000000008,889503.0000000049,Isabel Butler,Male,football,633.0,633
634,>30,174.0,other,1329883.9999999998,933564.0000000041,Debbie Cooper,Male,tennis,634.0,634
635,>30,168.0,doctor,979037.0000000015,855551.0000000055,Mary Bishop,Female,tennis,635.0,635
636,>30,164.0,teacher,1025991.0000000013,918192.0000000049,Sara Horne,Female,basketball,636.0,636
637,>30,165.0,other,1316069.9999999998,989941.9999999992,Ricky Atkinson,Female,tennis,637.0,637
638,20-24,174.0,other,1215091.000000001,873537.9999999964,Shannon Howard,Male,tennis,638.0,638
639,>30,164.0,other,997907.9999999991,938715.000000002,Michael Cox,Female,volleyball,639.0,639
640,<20,170.0,developer,1196867.9999999986,861209.0000000023,Tonya Anthony,Male,tennis,640.0,640
641,<20,175.0,student,1235360.0,932597.0000000013,Monica Ward,Male,swimming,641.0,641
642,20-24,161.0,other,1102944.0000000007,868532.0000000019,Cassandra Shah,Female,tennis,642.0,642
643,20-24,170.0,other,1172508.0000000005,826687.0000000069,Vincent Burton,Male,football,643.0,643
644,>30,170.0,seller,989426.9999999992,736547.0000000015,Jeffery Simpson,Female,football,644.0,644
645,<20,163.0,student,1064571.9999999984,896601.0000000041,Abigail Perez,Female,tennis,645.0,645
646,>30,171.0,other,1029748.0000000014,927847.9999999972,Katrina Bean,Male,football,646.0,646
647,>30,162.0,other,1162993.0000000002,833492.0000000069,Catherine Rodriguez,Female,badminton,647.0,647
648,<20,170.0,seller,1065086.9999999984,924907.0000000044,James Johnson,Male,football,648.0,648
649,>30,169.0,other,951550.9999999985,934990.9999999965,James Santos,Male,tennis,649.0,649
650,>30,168.0,accounting,1259084.9999999988,967010.9999999994,Krystal Ford,Male,football,650.0,650
651,>30,171.0,other,1019439.9999999994,872192.9999999958,Eric Johnson,Male,football,651.0,651
652,>30,161.0,engineer,1361415.9999999984,964866.999999998,Kristen Williams,Female,basketball,652.0,652
653,25-30,169.0,teacher,1222070.9999999998,754240.9999999931,Glenn Johnston,Female,tennis,653.0,653
654,>30,168.0,other,1241690.9999999995,867895.0000000044,Kevin Thomas,Female,tennis,654.0,654
655,25-30,171.0,other,1117439.000000001,759170.9999999949,Timothy Wheeler,Male,football,655.0,655
656,>30,171.0,other,1275051.0000000012,883770.9999999958,Sheila Snyder,Male,table_tenis,656.0,656
657,20-24,172.0,other,1037990.0000000006,1013401.9999999992,Melissa Price,Male,football,657.0,657
658,>30,169.0,other,1202922.000000001,956592.999999998,Mario Garza,Male,football,658.0,658
659,>30,166.0,doctor,993088.0000000001,974152.0000000036,Phyllis Jones,Female,football,659.0,659
660,>30,170.0,other,1339549.999999999,868239.0000000027,Kelly Potter,Male,tennis,660.0,660
661,>30,170.0,other,1277530.9999999998,738028.9999999973,Deborah Rodriguez,Male,tennis,661.0,661
662,>30,173.0,other,1374359.9999999993,746155.9999999992,April Hill,Male,tennis,662.0,662
663,25-30,173.0,other,909431.9999999991,843271.0000000014,Sydney Smith,Male,tennis,663.0,663
664,>30,169.0,other,1158953.0000000002,781734.0000000001,Richard Rodriguez,Male,football,664.0,664
665,>30,167.0,accounting,895894.9999999994,1006004.0000000044,Stephen Martin,Male,swimming,665.0,665
666,>30,169.0,other,1207647.9999999988,833342.9999999994,Patricia Henry,Female,badminton,666.0,666
667,>30,168.0,other,1193321.000000001,1021805.0000000005,Katherine Ritter,Female,swimming,667.0,667
668,>30,167.0,student,1066001.0,759977.0000000063,Dana Walker,Male,badminton,668.0,668
669,>30,170.0,student,1020502.0000000005,997077.0000000044,Michael Montgomery,Male,football,669.0,669
670,25-30,170.0,engineer,1216006.0000000002,775416.000000007,Yolanda Lawrence,Male,tennis,670.0,670
671,>30,162.0,other,981124.0000000013,904949.000000002,John Smith,Female,football,671.0,671
672,>30,164.0,accounting,1280353.999999999,855506.0000000055,Jeffrey Massey,Female,table_tenis,672.0,672
673,>30,169.0,accounting,1245229.9999999993,989256.999999995,Rebecca Holt MD,Male,tennis,673.0,673
674,>30,168.0,other,1045307.9999999986,835268.9999999967,Gina Adams,Male,football,674.0,674
675,>30,168.0,seller,919958.0000000013,796432.9999999931,Michael Acosta,Male,tennis,675.0,675
676,20-24,170.0,other,903202.0000000001,778097.0000000023,Robert Jacobs,Male,football,676.0,676
677,>30,168.0,other,1104994.0000000014,807063.9999999969,Jacob Gross,Female,tennis,677.0,677
678,20-24,167.0,other,1174900.000000001,973787.9999999991,Jill Baker,Male,tennis,678.0,678
679,>30,163.0,teacher,1167702.9999999995,846648.0000000019,Mrs. Crystal Phillips,Female,tennis,679.0,679
680,>30,166.0,other,898710.9999999987,810051.0000000014,Daniel Garcia,Female,swimming,680.0,680
681,>30,170.0,other,1343675.9999999986,925047.0000000064,Jeffrey Warren,Female,tennis,681.0,681
682,25-30,172.0,seller,1002081.0000000005,926524.0000000006,Sharon Sanchez,Male,football,682.0,682
683,>30,170.0,doctor,1382076.0000000014,901140.9999999956,Carolyn Williams,Male,swimming,683.0,683
684,>30,175.0,other,905951.0000000015,859066.9999999959,Nathan Mitchell,Male,tennis,684.0,684
685,>30,171.0,other,1054815.9999999988,765135.9999999983,Jonathan Hendrix,Male,tennis,685.0,685
686,25-30,163.0,teacher,1055592.0000000007,1003105.000000005,Christopher Berry,Female,tennis,686.0,686
687,>30,171.0,engineer,913738.9999999995,800460.0000000009,Gavin Anderson,Male,swimming,687.0,687
688,25-30,172.0,other,946553.9999999991,801195.000000007,John Rodriguez,Male,tennis,688.0,688
689,25-30,176.0,other,1003941.0000000009,858348.0000000065,Tracy Lewis,Male,badminton,689.0,689
690,>30,168.0,teacher,1297572.9999999998,950365.000000005,Dustin Watkins,Male,tennis,690.0,690
691,>30,170.0,other,1326415.0000000007,949871.9999999992,Linda Chandler,Male,tennis,691.0,691
692,20-24,173.0,other,1239383.0000000002,938698.9999999999,Patrick Davis,Male,tennis,692.0,692
693,25-30,170.0,engineer,1199528.9999999984,950180.0000000031,Anthony Ritter,Male,tennis,693.0,693
694,>30,168.0,other,1078013.9999999995,926010.0000000051,Felicia Carpenter,Male,badminton,694.0,694
695,>30,167.0,seller,1250015.0000000012,912636.0000000063,Nicole Hill,Male,football,695.0,695
696,>30,169.0,other,1330572.0,762001.9999999955,Lindsay Hess,Male,tennis,696.0,696
697,20-24,172.0,student,1281172.0000000016,878855.0000000015,Andrew Hudson,Male,football,697.0,697
698,20-24,174.0,seller,1019915.9999999985,907887.0000000023,Scott Bass,Male,football,698.0,698
699,>30,164.0,other,1320443.9999999984,976697.9999999991,Melissa Russell,Female,swimming,699.0,699
700,20-24,163.0,seller,1016745.0000000001,890781.0000000041,Brenda Short,Female,football,700.0,700
701,25-30,167.0,other,997524.9999999995,940225.9999999956,Natasha Howell,Male,football,701.0,701
702,>30,167.0,other,893865.9999999992,776456.9999999935,Nicole Hudson,Female,basketball,702.0,702
703,25-30,172.0,other,1112833.9999999995,868853.0000000014,Jack Dean,Female,tennis,703.0,703
704,>30,174.0,other,1294753.0,822646.0000000059,Regina Joseph,Male,football,704.0,704
705,25-30,172.0,other,1288201.9999999984,802291.9999999942,Steven Church,Male,football,705.0,705
706,20-24,165.0,seller,1240355.000000001,841511.9999999945,Melissa Davis,Female,football,706.0,706
707,>30,162.0,seller,1112325.9999999995,929254.9999999977,Stacey Wallace,Female,tennis,707.0,707
708,25-30,169.0,other,1235146.0000000002,832443.9999999953,Eric Cameron,Male,tennis,708.0,708
709,25-30,173.0,other,1153345.0000000016,884420.0000000056,Alexander Shields,Male,table_tenis,709.0,709
710,>30,170.0,other,1298465.0000000002,1029522.9999999977,Sydney Green,Male,football,710.0,710
711,>30,167.0,other,1118479.0000000007,928747.9999999987,Theodore Howell,Male,tennis,711.0,711
712,>30,169.0,seller,1278528.9999999988,735426.0000000041,Ellen Porter,Male,football,712.0,712
713,>30,172.0,other,1281213.000000001,818068.9999999942,Desiree Krueger,Male,tennis,713.0,713
714,>30,174.0,seller,1042715.9999999986,797950.0000000001,Nancy Mills,Male,tennis,714.0,714
715,20-24,167.0,other,1069727.0000000002,953351.9999999951,David Gallegos,Male,tennis,715.0,715
716,>30,172.0,engineer,1167045.0000000016,795434.0000000001,Dennis Salazar,Male,tennis,716.0,716
717,>30,170.0,accounting,1300307.0,848088.0000000042,Angela Johnson,Male,football,717.0,717
718,>30,164.0,teacher,1217687.999999999,939144.9999999964,Albert Garcia,Female,football,718.0,718
719,25-30,174.0,other,1294888.0000000002,781008.9999999973,Alicia Parker,Male,volleyball,719.0,719
720,>30,173.0,other,954719.9999999985,765669.0000000027,Anthony Marquez,Male,badminton,720.0,720
721,>30,165.0,accounting,896868.9999999987,843198.9999999985,Marc Williamson,Female,badminton,721.0,721
722,>30,170.0,other,960546.0000000008,1024708.0000000041,Amber Snyder,Male,tennis,722.0,722
723,25-30,164.0,student,936515.0,910556.9999999972,Anthony Wise,Female,football,723.0,723
724,>30,162.0,other,1239077.000000002,838639.999999998,Troy Wilson,Male,tennis,724.0,724
725,20-24,164.0,student,1246400.0000000014,733396.9999999965,Tammy Vaughn,Female,badminton,725.0,725
726,>30,167.0,other,1010754.9999999995,913848.0000000015,Yvonne Wolfe,Male,tennis,726.0,726
727,25-30,174.0,other,897223.0000000003,760752.9999999941,Crystal Nelson,Male,tennis,727.0,727
728,>30,167.0,seller,1186039.000000001,739354.0000000058,Daniel Rodriguez,Female,football,728.0,728
729,>30,168.0,seller,1010367.9999999999,887788.0000000005,Daniel Spears,Male,football,729.0,729
730,>30,164.0,teacher,1250364.0000000012,906205.9999999973,Jessica James,Female,tennis,730.0,730
731,>30,173.0,doctor,1040849.0000000015,863725.9999999999,Denise Brooks,Male,football,731.0,731
732,>30,166.0,student,1014198.0000000005,849442.9999999937,Nicole Bishop,Male,tennis,732.0,732
733,>30,172.0,engineer,1204164.9999999998,842089.0000000014,Regina Stokes,Male,football,733.0,733
734,20-24,169.0,accounting,1165455.9999999988,918867.0000000058,Juan Walters,Male,football,734.0,734
735,25-30,162.0,seller,1128153.0000000012,788931.0000000051,Jessica Anderson DVM,Female,tennis,735.0,735
736,>30,169.0,other,1277730.9999999993,778515.9999999963,John Adams,Male,tennis,736.0,736
737,>30,175.0,other,884416.0000000015,960474.0000000049,Kaitlin Shannon,Male,tennis,737.0,737
738,20-24,168.0,other,1103335.9999999988,776982.0000000037,Robert Dyer,Male,tennis,738.0,738
739,20-24,164.0,student,898934.0000000006,798749.0000000008,Jessica Mcdowell,Female,tennis,739.0,739
740,20-24,170.0,other,1344856.0,734658.9999999935,Louis Kaufman,Female,table_tenis,740.0,740
741,>30,169.0,seller,1311682.0000000012,941607.0000000049,Andrea Jones,Male,volleyball,741.0,741
742,25-30,176.0,seller,1041764.0000000006,759901.9999999967,Todd Lopez,Male,football,742.0,742
743,>30,173.0,other,1332450.9999999988,1013266.0000000015,Kristen Davis DDS,Male,table_tenis,743.0,743
744,>30,160.0,other,1307434.0000000007,1031606.9999999941,Thomas Richardson,Female,badminton,744.0,744
745,25-30,170.0,student,1095459.9999999993,1023886.0000000044,Kevin Montgomery,Female,tennis,745.0,745
746,>30,164.0,engineer,1054414.0000000014,1030411.0000000008,Debbie Jackson,Female,volleyball,746.0,746
747,20-24,164.0,other,1161234.0000000002,993339.0000000059,Anthony White,Female,football,747.0,747
748,>30,171.0,seller,1222683.0,899467.9999999987,John Kirby,Male,table_tenis,748.0,748
749,>30,168.0,other,912586.9999999985,797953.0000000069,Brittany Evans DVM,Male,swimming,749.0,749
750,>30,170.0,other,1187052.0000000014,826117.9999999941,Adam Clark,Male,tennis,750.0,750
751,25-30,171.0,seller,1187594.0000000007,946723.0000000056,Jason Williams,Male,football,751.0,751
752,>30,169.0,seller,923988.0000000014,766855.0000000069,Gregory Lowe,Male,football,752.0,752
753,>30,168.0,other,1312874.0000000007,999374.0000000031,John Newton,Female,tennis,753.0,753
754,25-30,164.0,accounting,1075703.0000000007,774237.9999999969,Kimberly Larsen,Female,football,754.0,754
755,20-24,172.0,other,971054.9999999999,894070.9999999967,Jose Wilson,Male,tennis,755.0,755
756,25-30,173.0,student,1237455.0000000007,825714.0000000049,Michelle Ramos,Male,football,756.0,756
757,>30,169.0,other,1260207.0000000012,858712.9999999945,Michael Hall,Male,football,757.0,757
758,>30,169.0,other,1109767.0000000014,806803.0000000022,Kimberly Villarreal,Male,football,758.0,758
759,>30,167.0,teacher,1224401.0000000002,803252.999999998,Jeremiah Sullivan,Female,swimming,759.0,759
760,>30,165.0,other,1302704.9999999995,772367.0000000027,Melanie Santos,Female,badminton,760.0,760
761,25-30,169.0,teacher,1173975.9999999998,896381.0000000051,Nicholas Lawrence,Male,football,761.0,761
762,25-30,169.0,seller,1345821.000000001,853634.999999997,Taylor Wright,Female,tennis,762.0,762
763,25-30,172.0,other,1277374.9999999993,763442.9999999951,Robert Taylor,Male,football,763.0,763
764,20-24,168.0,engineer,1099052.0000000005,1015653.0000000005,Barry Edwards,Male,tennis,764.0,764
765,25-30,174.0,other,1154177.0000000007,921183.9999999965,Benjamin Blair,Male,table_tenis,765.0,765
766,>30,175.0,seller,1351230.9999999986,972063.0000000056,Brooke Willis,Male,football,766.0,766
767,25-30,168.0,teacher,934999.0000000013,738780.0000000056,Leah Holloway,Male,football,767.0,767
768,>30,173.0,accounting,1263653.9999999988,782060.9999999987,Robert Simmons,Male,badminton,768.0,768
769,>30,160.0,doctor,929252.9999999992,942041.0000000031,Justin Farley,Female,tennis,769.0,769
770,>30,173.0,seller,1322499.0000000005,974804.0000000059,Lydia Massey,Male,football,770.0,770
771,25-30,169.0,seller,1304534.0000000002,867041.0000000003,Samantha Duncan,Female,tennis,771.0,771
772,20-24,170.0,other,925512.0000000013,836284.0000000063,Jesse Rojas II,Male,football,772.0,772
773,>30,168.0,seller,1007788.9999999991,968711.9999999964,Catherine Evans,Male,football,773.0,773
774,20-24,171.0,other,1178941.9999999993,745664.000000005,Shelley Richards,Male,badminton,774.0,774
775,>30,172.0,seller,1161657.0000000016,762666.9999999935,Nicole Chandler,Male,badminton,775.0,775
776,20-24,171.0,other,1304278.0,794748.9999999959,Michelle Benson,Male,tennis,776.0,776
777,25-30,174.0,other,1134696.0000000016,798497.999999995,William Harris,Male,tennis,777.0,777
778,25-30,168.0,doctor,1033822.0000000008,812533.000000002,Christina Sparks,Male,swimming,778.0,778
779,25-30,168.0,other,1226490.9999999993,1002887.0000000013,Mary Hayes,Male,tennis,779.0,779
780,25-30,170.0,engineer,1126806.9999999995,912198.0000000036,Jennifer Campbell,Male,badminton,780.0,780
781,>30,160.0,other,1369495.0000000005,1001194.9999999956,Christopher Figueroa,Female,tennis,781.0,781
782,>30,170.0,other,1052309.0000000012,868719.9999999963,Mr. Steven Benjamin MD,Male,tennis,782.0,782
783,20-24,174.0,doctor,1287841.0000000002,951223.9999999964,Robert Woods,Male,badminton,783.0,783
784,>30,168.0,accounting,1020793.9999999986,889803.0000000006,James Taylor,Female,badminton,784.0,784
785,25-30,172.0,other,1335938.9999999998,733448.9999999931,Tamara Rodriguez,Female,tennis,785.0,785
786,>30,171.0,other,1264565.0000000012,793193.0000000022,Yesenia Pierce,Male,tennis,786.0,786
787,25-30,169.0,engineer,909980.9999999985,935461.0000000036,Kaitlyn Johnson,Male,swimming,787.0,787
788,25-30,169.0,seller,1307435.999999999,797996.9999999951,Lauren Warren,Male,basketball,788.0,788
789,>30,164.0,student,1249193.000000002,985117.0000000023,Christopher Wilson,Female,badminton,789.0,789
790,>30,165.0,other,1206958.0000000002,860202.9999999985,Lisa Austin DVM,Female,football,790.0,790
791,20-24,176.0,other,888453.9999999994,977502.0000000013,Michelle Moreno,Male,tennis,791.0,791
792,25-30,174.0,teacher,902530.9999999999,804087.999999993,Sara Williams,Male,football,792.0,792
793,>30,170.0,other,1064032.000000001,979196.0000000015,Linda Charles,Male,football,793.0,793
794,<20,170.0,student,1067655.9999999995,987139.9999999965,Robert Martin,Male,football,794.0,794
795,>30,173.0,doctor,1053837.0000000014,900807.9999999978,Jennifer Webb,Male,table_tenis,795.0,795
796,>30,163.0,accounting,1302897.0000000016,802003.9999999965,Andrew Fletcher,Female,tennis,796.0,796
797,25-30,171.0,doctor,1281379.0000000012,935119.0000000001,Joshua Fritz,Male,football,797.0,797
798,20-24,166.0,other,1016072.0000000013,956007.9999999972,Derek Reed,Male,tennis,798.0,798
799,>30,174.0,other,1192468.0000000016,981513.0000000069,Jasmine Copeland,Male,tennis,799.0,799
800,>30,169.0,engineer,1007484.0000000015,893039.9999999992,Joel Leblanc,Male,tennis,800.0,800
801,20-24,167.0,teacher,1006522.0000000005,1024550.000000005,Sarah Hansen,Female,tennis,801.0,801
802,>30,164.0,engineer,1143074.9999999995,811955.999999995,Christopher Lee,Female,swimming,802.0,802
803,<20,173.0,seller,982661.0000000001,815145.9999999986,Sandra Frye,Male,football,803.0,803
804,20-24,169.0,other,900627.0000000001,951081.9999999995,Cheryl Taylor,Male,football,804.0,804
805,>30,168.0,other,1291423.9999999993,880747.999999997,Meagan Moore,Male,football,805.0,805
806,>30,172.0,other,924810.9999999985,907816.9999999944,Mark Wheeler,Male,tennis,806.0,806
807,>30,168.0,accounting,909378.0000000001,879694.9999999981,Jennifer Santos,Male,volleyball,807.0,807
808,>30,168.0,other,1119910.000000001,807776.0000000041,Kelsey Lopez,Female,volleyball,808.0,808
809,>30,168.0,seller,1158861.999999999,866200.0000000063,Morgan Bradley,Female,tennis,809.0,809
810,>30,164.0,seller,1201710.9999999995,966193.0000000041,Steven Bell,Female,football,810.0,810
811,>30,166.0,teacher,1150145.9999999995,864842.9999999935,Brittany Melton,Male,tennis,811.0,811
812,20-24,164.0,seller,1043752.0000000014,918871.9999999931,Kristine Weeks,Female,football,812.0,812
813,25-30,172.0,doctor,1351411.9999999998,1014739.0000000058,Jeffery May,Male,tennis,813.0,813
814,25-30,170.0,student,933968.0,748332.0000000049,William Wood,Male,tennis,814.0,814
815,25-30,165.0,engineer,1159133.0000000007,750988.0000000065,Dr. Gregory Collins Jr.,Female,football,815.0,815
816,20-24,167.0,seller,904614.9999999999,765027.0000000035,Dennis Saunders,Male,football,816.0,816
817,>30,173.0,engineer,961417.9999999985,957886.9999999995,Elizabeth Caldwell,Male,badminton,817.0,817
818,>30,176.0,accounting,992239.0000000014,910573.9999999969,Patrick Ware,Male,football,818.0,818
819,>30,168.0,doctor,1026385.9999999987,821036.0000000065,Michael Hubbard,Male,tennis,819.0,819
820,25-30,170.0,other,1295175.0000000005,794587.000000007,Jennifer Smith,Male,football,820.0,820
821,>30,171.0,other,917674.9999999992,893829.9999999942,James Long,Male,tennis,821.0,821
822,>30,168.0,teacher,1373121.0000000012,837563.000000003,Tammy Williams,Female,swimming,822.0,822
823,>30,170.0,other,1201049.9999999986,818771.9999999956,Ann Allen,Male,tennis,823.0,823
824,25-30,172.0,engineer,1263940.999999999,855349.0000000041,Cynthia Wagner,Male,tennis,824.0,824
825,>30,174.0,seller,1207160.9999999993,798811.9999999981,Sarah Winters,Male,volleyball,825.0,825
826,20-24,167.0,other,1085163.0000000014,985089.9999999995,Shannon Whitehead,Male,tennis,826.0,826
827,25-30,170.0,seller,1052194.0,814969.0000000049,Alexis Walker,Male,football,827.0,827
828,20-24,171.0,seller,1023043.0000000013,764072.9999999963,Erin Mullen,Male,badminton,828.0,828
829,25-30,172.0,other,1352806.9999999986,776228.0000000033,Angela Phillips,Male,football,829.0,829
830,>30,168.0,engineer,1330787.9999999984,781031.9999999963,Benjamin Berg,Male,tennis,830.0,830
831,20-24,171.0,other,1267324.9999999995,776748.9999999951,Michael Schaefer,Male,tennis,831.0,831
832,25-30,172.0,other,1353615.9999999988,886688.0000000065,Elizabeth Miller,Male,football,832.0,832
833,25-30,170.0,other,955733.9999999995,751855.0000000063,Jodi Hoover,Male,badminton,833.0,833
834,25-30,165.0,accounting,1022939.0000000008,756495.9999999985,Jason Greer,Female,tennis,834.0,834
835,>30,172.0,teacher,1061164.0000000016,808171.0000000015,Mr. Richard Ross,Male,football,835.0,835
836,20-24,168.0,doctor,939242.0,1019245.9999999956,Brett Bradley,Male,tennis,836.0,836
837,25-30,172.0,other,1344072.0000000007,938423.0000000001,Chelsea Brown,Male,tennis,837.0,837
838,25-30,163.0,other,1023658.0000000009,761121.0000000028,Laura Johnston,Female,tennis,838.0,838
839,>30,169.0,accounting,1207025.999999999,884221.9999999941,Ricardo Adkins,Male,swimming,839.0,839
840,20-24,175.0,doctor,1302645.9999999993,1006382.9999999995,Gail Collins,Male,tennis,840.0,840
841,>30,166.0,other,985258.9999999992,878580.999999997,Kristina Roberts,Female,volleyball,841.0,841
842,25-30,172.0,seller,1182614.000000001,787443.9999999936,Jennifer Ortiz,Male,tennis,842.0,842
843,>30,170.0,other,904015.9999999986,876643.9999999987,Joseph Evans,Male,football,843.0,843
844,>30,174.0,other,1057166.9999999998,980384.0000000008,Todd Nelson,Male,tennis,844.0,844
845,25-30,172.0,other,1116264.000000001,746544.0000000001,Gary Lewis,Male,tennis,845.0,845
846,>30,168.0,other,889115.0000000003,749508.0000000058,Kimberly Mcclain,Male,tennis,846.0,846
847,>30,169.0,engineer,1253071.9999999995,854490.9999999959,Robert Ray,Male,basketball,847.0,847
848,>30,165.0,doctor,1162783.000000001,761454.999999998,Teresa Dennis,Female,badminton,848.0,848
849,>30,171.0,engineer,1325154.0000000012,755156.999999997,Colin Cook,Female,football,849.0,849
850,25-30,164.0,other,1137215.0000000012,831501.000000003,Diane Crawford,Female,tennis,850.0,850
851,>30,172.0,other,944445.9999999992,1026454.0000000009,Kayla Nichols,Female,football,851.0,851
852,25-30,170.0,engineer,1283899.0000000016,796763.9999999959,Ryan Martinez,Male,football,852.0,852
853,>30,170.0,student,943889.9999999995,827814.0000000036,Sonya Castro,Male,football,853.0,853
854,25-30,169.0,doctor,1063700.999999998,787829.9999999995,James Kelly,Female,tennis,854.0,854
855,>30,167.0,engineer,1106690.0000000005,856646.9999999951,Robert Williams,Male,badminton,855.0,855
856,25-30,164.0,other,1012785.9999999985,943689.0000000063,James Webster,Male,badminton,856.0,856
857,>30,168.0,other,995739.0000000005,970112.9999999978,John Morgan,Male,table_tenis,857.0,857
858,>30,173.0,other,1027326.9999999995,862373.0000000051,Brady Atkinson,Male,tennis,858.0,858
859,>30,166.0,doctor,1195280.0000000002,822363.9999999931,John Phillips,Female,football,859.0,859
860,>30,161.0,seller,1114484.000000001,1022581.0000000023,Lindsey Nguyen,Female,tennis,860.0,860
861,25-30,176.0,other,968429.0000000005,818161.0000000035,Albert Watson,Male,football,861.0,861
862,25-30,175.0,other,1075247.000000001,966299.0000000064,Crystal Espinoza,Male,football,862.0,862
863,25-30,172.0,other,970558.0000000005,900540.0000000065,Heather Smith,Male,football,863.0,863
864,>30,170.0,other,914245.0000000009,811955.999999995,Joshua Scott,Male,volleyball,864.0,864
865,>30,166.0,other,1139454.0000000007,1021331.0000000036,Casey Miller,Female,tennis,865.0,865
866,25-30,169.0,other,1344937.999999999,1029048.000000003,Amanda Reed,Male,tennis,866.0,866
867,20-24,163.0,engineer,940093.0000000008,916269.9999999972,Theresa Taylor,Female,badminton,867.0,867
868,>30,166.0,student,1347456.9999999986,741423.999999995,Alejandro Morgan,Male,tennis,868.0,868
869,20-24,168.0,other,1069389.000000001,999063.0000000069,Marie Anderson,Male,tennis,869.0,869
870,25-30,173.0,engineer,1136779.0000000007,756381.0000000047,John Pruitt,Male,football,870.0,870
871,20-24,173.0,seller,1326111.000000001,839286.0000000013,Emily Leach,Male,football,871.0,871
872,25-30,164.0,other,1224676.9999999998,889453.0000000031,Kim Figueroa,Female,tennis,872.0,872
873,20-24,168.0,other,896923.9999999985,849922.0000000065,Sarah Moses,Female,football,873.0,873
874,20-24,168.0,seller,1253092.9999999998,849108.9999999986,Kenneth Parker MD,Male,football,874.0,874
875,20-24,167.0,other,1312950.0000000007,844075.0000000037,Amanda Martinez,Female,tennis,875.0,875
876,25-30,167.0,other,920725.9999999985,947768.9999999937,Kim Barnes,Male,tennis,876.0,876
877,>30,170.0,engineer,1101931.0000000005,773045.9999999937,Caitlin Porter,Male,tennis,877.0,877
878,>30,163.0,doctor,957511.0000000001,763366.0000000049,Eileen Miller,Female,football,878.0,878
879,25-30,172.0,engineer,1278680.0000000014,877808.9999999992,James Boone,Male,tennis,879.0,879
880,>30,172.0,other,1093921.999999999,862701.0000000013,Erin Burgess,Male,tennis,880.0,880
881,25-30,167.0,other,976763.9999999992,873566.9999999942,Cynthia Banks,Male,football,881.0,881
882,20-24,166.0,student,1233549.0,905852.9999999935,Dana White,Female,tennis,882.0,882
883,20-24,163.0,seller,1001508.9999999986,946201.000000002,Dana Padilla,Female,football,883.0,883
884,>30,173.0,engineer,1320406.9999999995,941013.9999999956,Donald Beasley,Male,tennis,884.0,884
885,25-30,165.0,seller,1227958.000000001,836641.0000000001,Erin Davis,Female,tennis,885.0,885
886,25-30,176.0,engineer,1342085.9999999984,913933.0,Amy Matthews,Male,badminton,886.0,886
887,25-30,166.0,other,1024461.9999999999,749853.9999999992,Anne Kaufman,Female,tennis,887.0,887
888,>30,174.0,teacher,1163993.9999999988,1024967.0000000036,Thomas Lloyd,Male,basketball,888.0,888
889,>30,165.0,doctor,1280933.000000001,856313.0000000001,Mark Coleman,Female,volleyball,889.0,889
890,20-24,171.0,student,903873.9999999985,1026893.9999999986,Crystal Smith,Male,football,890.0,890
891,>30,168.0,accounting,1045394.0000000015,814930.0000000041,Tracy Harrell,Male,football,891.0,891
892,>30,170.0,engineer,1292926.9999999988,975924.0000000064,Dustin Melton,Male,badminton,892.0,892
893,25-30,162.0,other,1048365.0000000005,933995.9999999935,James Malone,Female,tennis,893.0,893
894,25-30,165.0,other,1127407.0000000016,885294.9999999994,Heather Mcdonald,Female,tennis,894.0,894
895,25-30,167.0,teacher,1014717.0000000008,992993.9999999959,Gregory Brooks,Female,tennis,895.0,895
896,>30,164.0,other,893412.0000000014,894480.0000000015,Gabriel Ewing,Female,football,896.0,896
897,20-24,162.0,student,1021509.9999999992,933807.9999999992,Julie Beck,Female,football,897.0,897
898,25-30,166.0,other,929435.0000000015,803067.9999999963,Robert Stephens,Female,basketball,898.0,898
899,25-30,170.0,seller,1252552.0000000014,824031.0000000051,Christopher Benitez,Female,football,899.0,899
900,20-24,166.0,other,1054791.999999999,840152.0000000035,Donald Jimenez,Female,tennis,900.0,900
901,20-24,167.0,student,1347294.0000000016,1016508.9999999992,Rachel Lee,Female,football,901.0,901
902,>30,172.0,other,958037.0000000008,830309.9999999972,Michael Mckinney,Male,badminton,902.0,902
903,20-24,167.0,other,923825.9999999985,825428.0000000023,Bobby Franco,Male,tennis,903.0,903
904,25-30,173.0,teacher,888826.0000000015,919376.9999999972,Tyler Anderson,Male,badminton,904.0,904
905,>30,165.0,accounting,1145959.0000000014,749740.0000000028,John Reyes,Female,tennis,905.0,905
906,25-30,172.0,seller,1136814.0000000012,883211.000000003,David Andrews,Male,basketball,906.0,906
907,>30,166.0,seller,1361339.000000001,1009704.9999999969,Jamie Hunter,Male,football,907.0,907
908,20-24,167.0,doctor,1203239.0,845252.000000002,Heather Martinez,Female,basketball,908.0,908
909,20-24,158.0,other,1362161.0000000005,947828.9999999987,James Kerr,Female,tennis,909.0,909
910,>30,162.0,other,1223682.0000000002,882037.9999999944,Lisa Baker,Female,tennis,910.0,910
911,>30,169.0,other,1086279.9999999986,844538.9999999973,Claudia Wilson,Male,football,911.0,911
912,>30,172.0,other,1323124.0,797518.9999999941,Laurie Kemp,Male,tennis,912.0,912
913,>30,167.0,teacher,968737.0000000008,809092.0000000069,Justin Nichols,Male,football,913.0,913
914,>30,170.0,other,1012215.9999999987,763746.9999999951,Maria Shelton,Male,tennis,914.0,914
915,>30,164.0,other,1244616.0000000007,777620.9999999964,Lauren Morris,Female,tennis,915.0,915
916,25-30,170.0,seller,1251055.9999999984,1011634.9999999985,Daniel Hill,Male,tennis,916.0,916
917,25-30,166.0,engineer,892365.9999999991,871634.9999999977,Wendy Thomas,Male,football,917.0,917
918,25-30,170.0,engineer,902874.0000000006,760356.0000000015,Jeffrey Navarro,Male,football,918.0,918
919,20-24,164.0,other,1301932.0000000007,778161.9999999945,Caitlin Bentley,Female,tennis,919.0,919
920,>30,170.0,other,1278641.0000000005,979896.9999999941,Thomas Lloyd,Male,tennis,920.0,920
921,25-30,166.0,seller,1327639.9999999988,767570.0000000063,Emily Davis,Male,tennis,921.0,921
922,25-30,169.0,other,1293690.999999999,963713.9999999959,Thomas Prince,Male,tennis,922.0,922
923,>30,173.0,other,912502.0,899602.0000000015,Jennifer Fernandez,Male,football,923.0,923
924,20-24,165.0,seller,1069835.9999999986,984386.999999998,Mike Ramirez,Female,football,924.0,924
925,20-24,166.0,seller,1185307.999999999,855737.0000000049,Elizabeth Griffith,Female,football,925.0,925
926,25-30,172.0,seller,1261780.999999999,919775.0000000014,Nicholas Gonzalez,Male,football,926.0,926
927,>30,166.0,other,1291119.9999999993,948841.9999999992,Tracy Hall,Female,table_tenis,927.0,927
928,25-30,161.0,seller,1089006.0000000012,1019351.0000000005,David Schneider,Female,football,928.0,928
929,20-24,167.0,engineer,1237847.9999999995,993363.9999999995,Cassandra Herring DDS,Male,football,929.0,929
930,20-24,174.0,other,1181208.999999999,741581.9999999941,Tina Sharp,Male,football,930.0,930
931,25-30,164.0,other,995643.0000000013,795215.9999999964,Kevin Thompson,Male,tennis,931.0,931
932,25-30,174.0,engineer,972038.9999999987,973714.9999999986,Kevin Rojas,Male,tennis,932.0,932
933,>30,167.0,seller,1102119.9999999993,743618.9999999953,Craig Adams,Female,tennis,933.0,933
934,>30,168.0,other,921077.0000000005,868492.0000000035,Patricia Smith,Male,basketball,934.0,934
935,>30,170.0,engineer,947651.0000000005,748172.9999999942,Mallory Cooper,Male,tennis,935.0,935
936,20-24,165.0,engineer,1234045.9999999993,1004112.0000000064,Allison Garcia,Female,tennis,936.0,936
937,20-24,171.0,other,901357.9999999985,736048.9999999942,Mark Bowen,Male,tennis,937.0,937
938,>30,164.0,other,1115629.9999999995,909837.9999999936,Brandy Greene,Male,tennis,938.0,938
939,25-30,167.0,seller,1127140.0000000007,953569.9999999992,Bryce Mosley,Male,football,939.0,939
940,25-30,164.0,doctor,948859.9999999999,877273.9999999999,Jose Smith,Female,football,940.0,940
941,25-30,166.0,seller,1172647.0000000014,963696.9999999964,Jill Stewart,Female,football,941.0,941
942,>30,171.0,other,960369.0,923755.9999999972,Jillian Manning,Male,tennis,942.0,942
943,>30,167.0,engineer,1320461.0000000016,738625.9999999965,Carolyn Patterson,Female,tennis,943.0,943
944,25-30,173.0,other,1163879.9999999988,797724.9999999999,Stephen Gordon,Male,football,944.0,944
945,>30,166.0,other,972985.9999999987,879311.9999999987,Erin Michael,Male,tennis,945.0,945
946,25-30,174.0,engineer,1181484.0000000012,738962.9999999983,Mary Barnes,Male,football,946.0,946
947,>30,167.0,other,1298335.0000000016,741836.0000000064,Teresa Howard,Female,tennis,947.0,947
948,25-30,166.0,seller,1240653.9999999993,764256.0000000031,Thomas Potter,Female,tennis,948.0,948
949,>30,171.0,seller,1152875.0000000016,823175.0000000063,Sharon Graham,Male,football,949.0,949
950,25-30,169.0,other,1183886.9999999986,978911.9999999941,Nicholas Shannon,Male,tennis,950.0,950
951,>30,171.0,other,1220084.0,997314.0000000028,Kelly Hahn,Male,volleyball,951.0,951
952,25-30,168.0,other,974464.9999999986,754531.0000000001,Scott Edwards,Female,tennis,952.0,952
953,20-24,161.0,other,1107918.999999999,880418.0000000059,Kenneth Crosby,Female,tennis,953.0,953
954,>30,175.0,seller,998051.0000000001,961629.9999999995,Sandra Zimmerman,Male,football,954.0,954
955,20-24,166.0,seller,982669.9999999987,943889.9999999963,Kathy Freeman,Female,football,955.0,955
956,>30,174.0,other,1341405.0000000016,901402.0000000044,Robert Montgomery,Male,tennis,956.0,956
957,>30,169.0,other,974837.0000000008,915397.9999999963,Melissa Weaver,Male,tennis,957.0,957
958,20-24,162.0,seller,1070720.0000000014,962506.0000000049,Haley Johnson,Female,tennis,958.0,958
959,20-24,165.0,student,1292432.0000000016,881608.9999999973,Kayla Gray,Female,tennis,959.0,959
960,>30,160.0,teacher,1146015.9999999995,793932.9999999956,Terry Maynard,Female,football,960.0,960
961,25-30,174.0,other,960929.0,807630.0000000031,Eric Campbell,Male,tennis,961.0,961
962,20-24,168.0,seller,919536.0000000008,922073.999999995,Monica Warner,Male,football,962.0,962
963,20-24,164.0,teacher,1062138.000000001,736649.9999999973,Heidi Brown,Female,football,963.0,963
964,>30,173.0,student,1263526.9999999998,1005673.0000000015,Kevin Boyd,Male,football,964.0,964
965,>30,164.0,engineer,982171.0000000009,782831.0000000015,Angelica Hunt,Female,football,965.0,965
966,25-30,167.0,other,1204084.0000000016,1002906.9999999935,Valerie Watts,Female,football,966.0,966
967,25-30,173.0,other,1099381.9999999986,745357.9999999959,Ronald Harper,Male,tennis,967.0,967
968,>30,166.0,doctor,1336711.9999999986,974427.0000000056,Kevin Wagner,Female,tennis,968.0,968
969,20-24,160.0,other,1379812.9999999986,1025895.0000000056,Jack Ryan,Female,tennis,969.0,969
970,20-24,170.0,other,1181533.9999999993,740947.0000000056,Eric Mosley,Female,football,970.0,970
971,>30,169.0,other,1209382.0000000014,742884.0000000036,Edward Braun,Male,table_tenis,971.0,971
972,>30,167.0,other,1168710.9999999984,1007962.0000000064,Tonya Jefferson,Male,football,972.0,972
973,>30,172.0,other,971474.0000000006,974254.000000002,Vanessa Anderson,Male,badminton,973.0,973
974,>30,171.0,other,1220846.999999999,1025283.0000000015,Kelly Walton,Male,tennis,974.0,974
975,20-24,165.0,other,927969.9999999985,796451.0000000047,Deborah Wilkerson,Female,football,975.0,975
976,25-30,172.0,other,1091577.9999999984,890410.0000000028,Robert Davis,Male,football,976.0,976
977,20-24,165.0,student,1156980.9999999984,818872.9999999964,Austin Gonzalez,Female,tennis,977.0,977
978,>30,171.0,engineer,1239967.0,768874.9999999942,Michael Thornton,Male,football,978.0,978
979,25-30,166.0,other,1064056.0000000007,1031585.0000000069,Dr. Richard Ramos Jr.,Female,football,979.0,979
980,>30,169.0,engineer,1130980.000000001,840712.9999999937,Katherine Collins,Male,tennis,980.0,980
981,25-30,166.0,student,1070809.0000000005,929580.9999999987,Sandra Wilson,Female,swimming,981.0,981
982,25-30,174.0,other,950531.0000000015,766999.9999999959,Alexandra Martin,Male,football,982.0,982
983,20-24,173.0,seller,1285665.999999999,982971.0000000064,Joseph Boone,Male,tennis,983.0,983
984,>30,164.0,teacher,1128347.999999999,922759.9999999969,Amanda Spears,Female,tennis,984.0,984
985,>30,164.0,other,896042.0000000013,1000504.0000000064,John Collins,Female,badminton,985.0,985
986,25-30,170.0,other,889458.0000000013,815702.9999999992,Molly Bernard,Female,tennis,986.0,986
987,20-24,166.0,engineer,1353804.0000000002,834594.9999999931,Robert Reed,Female,tennis,987.0,987
988,>30,174.0,other,941261.9999999985,964577.0000000056,Mr. Christopher Brown,Male,football,988.0,988
989,20-24,166.0,student,1077906.9999999998,943877.0000000005,Amber Mclaughlin,Female,tennis,989.0,989
990,25-30,166.0,student,1085609.999999999,900531.0000000008,Nicole Ramos,Female,swimming,990.0,990
991,>30,168.0,engineer,1299817.000000001,871308.9999999965,Jonathan Hernandez MD,Female,swimming,991.0,991
992,20-24,161.0,other,995205.9999999995,928049.0000000015,John Cline,Female,tennis,992.0,992
993,>30,168.0,seller,1170311.0000000016,892827.9999999944,Amanda James,Male,football,993.0,993
994,>30,172.0,other,1117833.9999999984,783092.9999999937,Shawn Hall,Male,tennis,994.0,994
995,25-30,172.0,other,1246905.0000000016,761082.0000000019,Karen Jackson,Male,tennis,995.0,995
996,>30,167.0,other,884864.0000000003,818450.9999999959,Alvin Davis,Male,tennis,996.0,996
997,>30,159.0,seller,1215942.9999999993,776538.0000000022,Tina Suarez,Female,tennis,997.0,997
998,>30,168.0,other,1064301.0000000005,876193.0000000006,Leon Moore,Female,tennis,998.0,998
999,>30,165.0,other,1077607.0000000005,768147.9999999965,Elizabeth Odom,Female,table_tenis,999.0,999
1000,25-30,170.0,seller,1293793.000000001,983228.9999999944,Do Manh Hung,Male,tennis,,1000
